Page,EntryNo,Level,Name,Tier,Cost,Date
1,1,Level 1,Farsea Gem,Tier 2,1400,2022.09.22
1,2,Level 1,Farsea Gem,Tier 2,1400,2022.09.22
1,3,Level 1,Annihilation Gem,Tier 3,11,2022.09.22
1,4,Level 1,Annihilation Gem,Tier 3,11,2022.09.22
1,5,Level 1,Annihilation Gem,Tier 3,11,2022.09.22
1,6,Level 1,Crimson Flame Gem,Tier 3,11,2022.09.22
1,7,Level 1,Annihilation Gem,Tier 3,11,2022.09.22
1,8,Level 1,Annihilation Gem,Tier 3,11,2022.09.22
1,9,Level 1,Crimson Flame Gem,Tier 3,11,2022.09.22
1,10,Level 1,Annihilation Gem,Tier 3,11,2022.09.22
2,1,Level 1,Crimson Flame Gem,Tier 3,11,2022.09.22
2,2,Level 1,Annihilation Gem,Tier 3,11,2022.09.22
2,3,Level 1,Annihilation Gem,Tier 3,11,2022.09.22
2,4,Level 5,Crimson Flame Gem,Tier 3,1499,2022.09.22
2,5,Level 1,Crimson Flame Gem,Tier 3,9,2022.09.22
2,6,Level 5,Crimson Flame Gem,Tier 3,1197,2022.09.22
2,7,Level 1,Crimson Flame Gem,Tier 3,9,2022.09.22
2,8,Level 1,Crimson Flame Gem,Tier 3,9,2022.09.22
2,9,Level 5,Crimson Flame Gem,Tier 3,1197,2022.09.22
2,10,Level 1,Azure Gem,Tier 2,558,2022.09.22
3,1,Level 1,Azure Gem,Tier 2,1250,2022.09.22
3,2,Level 1,Crimson Flame Gem,Tier 3,1300,2022.09.22
3,3,Level 1,Farsea Gem,Tier 2,1300,2022.09.22
3,4,Level 1,Crimson Flame Gem,Tier 3,1300,2022.09.22
3,5,Level 1,Azure Gem,Tier 2,1700,2022.09.22
3,6,Level 1,Farsea Gem,Tier 2,1300,2022.09.22
3,7,Level 1,Crimson Flame Gem,Tier 3,9,2022.09.22
3,8,Level 1,Crimson Flame Gem,Tier 3,11,2022.09.22
3,9,Level 1,Crimson Flame Gem,Tier 3,11,2022.09.22
3,10,Level 5,Farsea Gem,Tier 2,48500,2022.09.22
4,1,Level 1,Crimson Flame Gem,Tier 3,9,2022.09.22
4,2,Level 1,Annihilation Gem,Tier 3,11,2022.09.22
4,3,Level 1,Annihilation Gem,Tier 3,11,2022.09.22
4,4,Level 1,Azure Gem,Tier 2,1,2022.09.22
4,5,Level 1,Annihilation Gem,Tier 3,9,2022.09.22
4,6,Level 1,Crimson Flame Gem,Tier 3,11,2022.09.22
4,7,Level 1,Crimson Flame Gem,Tier 3,11,2022.09.22
4,8,Level 1,Crimson Flame Gem,Tier 3,11,2022.09.22
4,9,Level 1,Crimson Flame Gem,Tier 3,11,2022.09.22
4,10,Level 2,Farsea Gem,Tier 2,22,2022.09.22
5,1,Level 1,Annihilation Gem,Tier 3,9,2022.09.22
5,2,Level 1,Annihilation Gem,Tier 3,11,2022.09.22
5,3,Level 1,Annihilation Gem,Tier 3,11,2022.09.22
5,4,Level 1,Farsea Gem,Tier 2,1,2022.09.22
5,5,Level 1,Annihilation Gem,Tier 3,9,2022.09.22
5,6,Level 1,Annihilation Gem,Tier 3,11,2022.09.22
5,7,Level 1,Crimson Flame Gem,Tier 3,11,2022.09.22
5,8,Level 7,Annihilation Gem,Tier 3,9000,2022.09.22
5,9,Level 1,Annihilation Gem,Tier 3,11,2022.09.22
5,10,Level 1,Annihilation Gem,Tier 3,9,2022.09.22
6,1,Level 1,Annihilation Gem,Tier 3,11,2022.09.22
6,2,Level 1,Farsea Gem,Tier 2,1,2022.09.22
6,3,Level 1,Annihilation Gem,Tier 3,11,2022.09.22
6,4,Level 1,Crimson Flame Gem,Tier 3,11,2022.09.22
6,5,Level 1,Annihilation Gem,Tier 3,9,2022.09.22
6,6,Level 1,Crimson Flame Gem,Tier 3,11,2022.09.22
6,7,Level 1,Crimson Flame Gem,Tier 3,11,2022.09.22
6,8,Level 1,Crimson Flame Gem,Tier 3,11,2022.09.22
6,9,Level 1,Annihilation Gem,Tier 3,9,2022.09.22
6,10,Level 1,Annihilation Gem,Tier 3,11,2022.09.22
7,1,Level 1,Annihilation Gem,Tier 3,11,2022.09.22
7,2,Level 1,Crimson Flame Gem,Tier 3,11,2022.09.22
7,3,Level 1,Annihilation Gem,Tier 3,9,2022.09.22
7,4,Level 1,Annihilation Gem,Tier 3,11,2022.09.22
7,5,Level 1,Annihilation Gem,Tier 3,11,2022.09.22
7,6,Level 1,Annihilation Gem,Tier 3,11,2022.09.22
7,7,Level 1,Annihilation Gem,Tier 3,9,2022.09.22
7,8,Level 1,Crimson Flame Gem,Tier 3,11,2022.09.22
7,9,Level 1,Annihilation Gem,Tier 3,11,2022.09.22
7,10,Level 1,Crimson Flame Gem,Tier 3,11,2022.09.22
8,1,Level 1,Crimson Flame Gem,Tier 3,11,2022.09.22
8,2,Level 1,Crimson Flame Gem,Tier 3,9,2022.09.22
8,3,Level 1,Crimson Flame Gem,Tier 3,9,2022.09.22
8,4,Level 1,Crimson Flame Gem,Tier 3,9,2022.09.22
8,5,Level 1,Annihilation Gem,Tier 3,9,2022.09.22
8,6,Level 1,Annihilation Gem,Tier 3,9,2022.09.22
8,7,Level 1,Annihilation Gem,Tier 3,9,2022.09.22
8,8,Level 1,Annihilation Gem,Tier 3,9,2022.09.22
8,9,Level 1,Annihilation Gem,Tier 3,9,2022.09.22
8,10,Level 1,Crimson Flame Gem,Tier 3,9,2022.09.22
9,1,Level 2,Farsea Gem,Tier 2,1500,2022.09.22
9,2,Level 1,Farsea Gem,Tier 2,1400,2022.09.22
9,3,Level 1,Annihilation Gem,Tier 3,9,2022.09.22
9,4,Level 2,Azure Gem,Tier 2,1500,2022.09.22
9,5,Level 1,Annihilation Gem,Tier 3,9,2022.09.22
9,6,Level 2,Azure Gem,Tier 2,1500,2022.09.22
9,7,Level 1,Azure Gem,Tier 2,1,2022.09.22
9,8,Level 2,Farsea Gem,Tier 2,1500,2022.09.22
9,9,Level 1,Azure Gem,Tier 2,830,2022.09.22
9,10,Level 2,Azure Gem,Tier 2,3,2022.09.22
10,1,Level 2,Farsea Gem,Tier 2,3,2022.09.22
10,2,Level 2,Azure Gem,Tier 2,3,2022.09.22
10,3,Level 1,Azure Gem,Tier 2,1400,2022.09.22
10,4,Level 1,Azure Gem,Tier 2,1,2022.09.22
10,5,Level 5,Crimson Flame Gem,Tier 3,1499,2022.09.22
10,6,Level 5,Annihilation Gem,Tier 3,1200,2022.09.22
10,7,Level 1,Azure Gem,Tier 2,1400,2022.09.22
10,8,Level 1,Annihilation Gem,Tier 3,10,2022.09.22
10,9,Level 1,Crimson Flame Gem,Tier 3,10,2022.09.22
10,10,Level 1,Crimson Flame Gem,Tier 3,10,2022.09.22
11,1,Level 1,Crimson Flame Gem,Tier 3,10,2022.09.22
11,2,Level 1,Crimson Flame Gem,Tier 3,10,2022.09.22
11,3,Level 1,Annihilation Gem,Tier 3,10,2022.09.22
11,4,Level 1,Crimson Flame Gem,Tier 3,10,2022.09.22
11,5,Level 1,Annihilation Gem,Tier 3,10,2022.09.22
11,6,Level 1,Annihilation Gem,Tier 3,10,2022.09.22
11,7,Level 1,Farsea Gem,Tier 2,1400,2022.09.22
11,8,Level 1,Crimson Flame Gem,Tier 3,10,2022.09.22
11,9,Level 1,Farsea Gem,Tier 2,1400,2022.09.22
11,10,Level 7,Crimson Flame Gem,Tier 3,9000,2022.09.22
12,1,Level 7,Crimson Flame Gem,Tier 3,9000,2022.09.22
12,2,Level 5,Crimson Flame Gem,Tier 3,1444,2022.09.22
12,3,Level 1,Azure Gem,Tier 2,465,2022.09.22
12,4,Level 3,Farsea Gem,Tier 2,24500,2022.09.22
12,5,Level 1,Azure Gem,Tier 2,837,2022.09.22
12,6,Level 1,Farsea Gem,Tier 2,1,2022.09.22
12,7,Level 1,Azure Gem,Tier 2,1,2022.09.22
12,8,Level 1,Farsea Gem,Tier 2,1,2022.09.22
12,9,Level 1,Crimson Flame Gem,Tier 3,10,2022.09.22
12,10,Level 1,Crimson Flame Gem,Tier 3,10,2022.09.22
13,1,Level 1,Crimson Flame Gem,Tier 3,10,2022.09.22
13,2,Level 1,Crimson Flame Gem,Tier 3,10,2022.09.22
13,3,Level 4,Crimson Flame Gem,Tier 3,283,2022.09.22
13,4,Level 1,Annihilation Gem,Tier 3,10,2022.09.22
13,5,Level 1,Annihilation Gem,Tier 3,10,2022.09.22
13,6,Level 1,Azure Gem,Tier 2,508,2022.09.22
13,7,Level 1,Annihilation Gem,Tier 3,10,2022.09.22
13,8,Level 1,FarseaGem,Tier 2,1500,2022.09.22
13,9,Level 1,Annihilation Gem,Tier 3,24958,2022.09.22
13,10,Level 1,Azure Gem,Tier 2,982,2022.09.22
14,1,Level 6,Annihilation Gem,Tier 3,2700,2022.09.22
14,2,Level 4,Annihilation Gem,Tier 3,300,2022.09.22
14,3,Level 6,Crimson Flame Gem,Tier 3,3297,2022.09.22
14,4,Level 1,Farsea Gem,Tier 2,1700,2022.09.22
14,5,Level 1,Farsea Gem,Tier 2,1,2022.09.22
14,6,Level 1,Annihilation Gem,Tier 3,10,2022.09.22
14,7,Level 7,Crimson Flame Gem,Tier 3,9444,2022.09.22
14,8,Level 1,Farsea Gem,Tier 2,1500,2022.09.22
14,9,Level 7,Crimson Flame Gem,Tier 3,9444,2022.09.22
14,10,Level 1,Azure Gem,Tier 2,654,2022.09.22
15,1,Level 1,Crimson Flame Gem,Tier 3,11,2022.09.22
15,2,Level 1,Farsea Gem,Tier 2,1499,2022.09.22
15,3,Level 1,Crimson Flame Gem,Tier 3,1500,2022.09.22
15,4,Level 1,Farsea Gem,Tier 2,1500,2022.09.22
15,5,Level 1,Farsea Gem,Tier 2,1,2022.09.22
15,6,Level 1,Farsea Gem,Tier 2,1,2022.09.22
15,7,Level 1,Farsea Gem,Tier 2,1,2022.09.22
15,8,Level 1,FarseaGem,Tier 2,1500,2022.09.22
15,9,Level 1,Azure Gem,Tier 2,1500,2022.09.22
15,10,Level 1,Azure Gem,Tier 2,1500,2022.09.22
16,1,Level 1,Crimson Flame Gem,Tier 3,10,2022.09.22
16,2,Level 1,Crimson Flame Gem,Tier 3,10,2022.09.22
16,3,Level 1,Crimson Flame Gem,Tier 3,10,2022.09.22
16,4,Level 1,Crimson Flame Gem,Tier 3,10,2022.09.22
16,5,Level 1,Annihilation Gem,Tier 3,10,2022.09.22
16,6,Level 1,Annihilation Gem,Tier 3,10,2022.09.22
16,7,Level 5,Crimson Flame Gem,Tier 3,1500,2022.09.22
16,8,Level 5,Crimson Flame Gem,Tier 3,1500,2022.09.22
16,9,Level 5,Crimson Flame Gem,Tier 3,1400,2022.09.22
16,10,Level 5,Crimson Flame Gem,Tier 3,1090,2022.09.22
17,1,Level 5,Annihilation Gem,Tier 3,1750,2022.09.22
17,2,Level 5,Annihilation Gem,Tier 3,1750,2022.09.22
17,3,Level 5,Annihilation Gem,Tier 3,1333,2022.09.22
17,4,Level 1,Azure Gem,Tier 2,335,2022.09.22
17,5,Level 1,Annihilation Gem,Tier 3,11,2022.09.22
17,6,Level 1,Farsea Gem,Tier 2,1,2022.09.22
17,7,Level 1,Crimson Flame Gem,Tier 3,11,2022.09.22
17,8,Level 1,Annihilation Gem,Tier 3,11,2022.09.22
17,9,Level 1,Azure Gem,Tier 2,1,2022.09.22
17,10,Level 1,Azure Gem,Tier 2,1250,2022.09.22
18,1,Level 1,Farsea Gem,Tier 2,1,2022.09.22
18,2,Level 1,Farsea Gem,Tier 2,1,2022.09.22
18,3,Level 1,Azure Gem,Tier 2,1,2022.09.22
18,4,Level 1,Farsea Gem,Tier 2,1,2022.09.22
18,5,Level 1,Farsea Gem,Tier 2,1,2022.09.22
18,6,Level 1,Crimson Flame Gem,Tier 3,11,2022.09.22
18,7,Level 1,Farsea Gem,Tier 2,1,2022.09.22
18,8,Level 1,Farsea Gem,Tier 2,1,2022.09.22
18,9,Level 1,Farsea Gem,Tier 2,1,2022.09.22
18,10,Level 1,Azure Gem,Tier 2,1,2022.09.22
19,1,Level 1,Azure Gem,Tier 2,1,2022.09.22
19,2,Level 1,Azure Gem,Tier 2,1,2022.09.22
19,3,Level 5,Crimson Flame Gem,Tier 3,998,2022.09.22
19,4,Level 5,Crimson Flame Gem,Tier 3,998,2022.09.22
19,5,Level 1,Azure Gem,Tier 2,1,2022.09.22
19,6,Level 1,Azure Gem,Tier 2,1,2022.09.22
19,7,Level 1,Azure Gem,Tier 2,1,2022.09.22
19,8,Level 1,Azure Gem,Tier 2,1,2022.09.22
19,9,Level 6,Crimson Flame Gem,Tier 3,2998,2022.09.22
19,10,Level 1,FarseaGem,Tier 2,1,2022.09.22
20,1,Level 1,Farsea Gem,Tier 2,1,2022.09.22
20,2,Level 1,Farsea Gem,Tier 2,1250,2022.09.22
20,3,Level 1,Farsea Gem,Tier 2,1,2022.09.22
20,4,Level 1,Farsea Gem,Tier 2,1,2022.09.22
20,5,Level 1,Farsea Gem,Tier 2,1,2022.09.22
20,6,Level 1,Azure Gem,Tier 2,1,2022.09.22
20,7,Level 1,Farsea Gem,Tier 2,1,2022.09.22
20,8,Level 1,Farsea Gem,Tier 2,1,2022.09.22
20,9,Level 1,Farsea Gem,Tier 2,1,2022.09.22
20,10,Level 1,Farsea Gem,Tier 2,1,2022.09.22
21,1,Level 1,Farsea Gem,Tier 2,1,2022.09.22
21,2,Level 1,Farsea Gem,Tier 2,1,2022.09.22
21,3,Level 1,Farsea Gem,Tier 2,1,2022.09.22
21,4,Level 1,Farsea Gem,Tier 2,1,2022.09.22
21,5,Level 1,Farsea Gem,Tier 2,1250,2022.09.22
21,6,Level 1,Farsea Gem,Tier 2,332,2022.09.22
21,7,Level 1,Farsea Gem,Tier 2,1250,2022.09.22
21,8,Level 1,FarseaGem,Tier 2,1250,2022.09.22
21,9,Level 2,Farsea Gem,Tier 2,1500,2022.09.22
21,10,Level 5,Crimson Flame Gem,Tier 3,1750,2022.09.22
22,1,Level 1,Farsea Gem,Tier 2,1,2022.09.22
22,2,Level 5,Crimson Flame Gem,Tier 3,1500,2022.09.22
22,3,Level 9,Crimson Flame Gem,Tier 3,75000,2022.09.22
22,4,Level 1,Crimson Flame Gem,Tier 3,1500,2022.09.22
22,5,Level 1,Farsea Gem,Tier 2,373,2022.09.22
22,6,Level 5,Annihilation Gem,Tier 3,1599,2022.09.22
22,7,Level 5,Annihilation Gem,Tier 3,1599,2022.09.22
22,8,Level 1,Farsea Gem,Tier 2,1,2022.09.22
22,9,Level 1,Azure Gem,Tier 2,1,2022.09.22
22,10,Level 1,Azure Gem,Tier 2,1800,2022.09.22
23,1,Level 1,Azure Gem,Tier 2,1,2022.09.22
23,2,Level 1,Crimson Flame Gem,Tier 3,1500,2022.09.22
23,3,Level 1,Crimson Flame Gem,Tier 3,11,2022.09.22
23,4,Level 1,Azure Gem,Tier 2,1500,2022.09.22
23,5,Level 4,Annihilation Gem,Tier 3,300,2022.09.22
23,6,Level 1,Azure Gem,Tier 2,393,2022.09.22
23,7,Level 6,Crimson Flame Gem,Tier 3,2700,2022.09.22
23,8,Level 3,Crimson Flame Gem,Tier 3,160,2022.09.22
23,9,Level 3,Crimson Flame Gem,Tier 3,160,2022.09.22
23,10,Level 3,Annihilation Gem,Tier 3,160,2022.09.22
24,1,Level 3,Crimson Flame Gem,Tier 3,160,2022.09.22
24,2,Level 3,Crimson Flame Gem,Tier 3,150,2022.09.22
24,3,Level 3,Annihilation Gem,Tier 3,150,2022.09.22
24,4,Level 3,Annihilation Gem,Tier 3,128,2022.09.22
24,5,Level 3,Annihilation Gem,Tier 3,128,2022.09.22
24,6,Level 3,Crimson Flame Gem,Tier 3,128,2022.09.22
24,7,Level 1,Azure Gem,Tier 2,1500,2022.09.22
24,8,Level 1,Azure Gem,Tier 2,1,2022.09.22
24,9,Level 1,Azure Gem,Tier 2,1,2022.09.22
24,10,Level 1,Azure Gem,Tier 2,1,2022.09.22
25,1,Level 1,Azure Gem,Tier 2,1500,2022.09.22
25,2,Level 3,Annihilation Gem,Tier 3,128,2022.09.22
25,3,Level 3,Crimson Flame Gem,Tier 3,128,2022.09.22
25,4,Level 1,Azure Gem,Tier 2,1,2022.09.22
25,5,Level 1,Azure Gem,Tier 2,1,2022.09.22
25,6,Level 3,Crimson Flame Gem,Tier 3,128,2022.09.22
25,7,Level 1,Azure Gem,Tier 2,1,2022.09.22
25,8,Level 3,Annihilation Gem,Tier 3,128,2022.09.22
25,9,Level 3,Annihilation Gem,Tier 3,128,2022.09.22
25,10,Level 3,Annihilation Gem,Tier 3,125,2022.09.22
26,1,Level 3,Crimson Flame Gem,Tier 3,125,2022.09.22
26,2,Level 3,Crimson Flame Gem,Tier 3,125,2022.09.22
26,3,Level 3,Crimson Flame Gem,Tier 3,125,2022.09.22
26,4,Level 3,Crimson Flame Gem,Tier 3,125,2022.09.22
26,5,Level 3,Crimson Flame Gem,Tier 3,125,2022.09.22
26,6,Level 3,Crimson Flame Gem,Tier 3,125,2022.09.22
26,7,Level 3,Crimson Flame Gem,Tier 3,125,2022.09.22
26,8,Level 3,Crimson Flame Gem,Tier 3,125,2022.09.22
26,9,Level 3,Annihilation Gem,Tier 3,125,2022.09.22
26,10,Level 3,Crimson Flame Gem,Tier 3,123,2022.09.22
27,1,Level 3,Crimson Flame Gem,Tier 3,115,2022.09.22
27,2,Level 3,Annihilation Gem,Tier 3,115,2022.09.22
27,3,Level 3,Annihilation Gem,Tier 3,115,2022.09.22
27,4,Level 3,Annihilation Gem,Tier 3,115,2022.09.22
27,5,Level 5,Farsea Gem,Tier 2,9,2022.09.22
27,6,Level 3,Annihilation Gem,Tier 3,115,2022.09.22
27,7,Level 5,Farsea Gem,Tier 2,12,2022.09.22
27,8,Level 4,Annihilation Gem,Tier 3,350,2022.09.22
27,9,Level 1,Azure Gem,Tier 2,1,2022.09.22
27,10,Level 1,Azure Gem,Tier 2,1,2022.09.22
28,1,Level 1,Azure Gem,Tier 2,1,2022.09.22
28,2,Level 3,Farsea Gem,Tier 2,0,2022.09.22
28,3,Level 3,Farsea Gem,Tier 2,20,2022.09.22
28,4,Level 3,Farsea Gem,Tier 2,0,2022.09.22
28,5,Level 4,Annihilation Gem,Tier 3,333,2022.09.22
28,6,Level 6,Farsea Gem,Tier 2,1500,2022.09.22
28,7,Level 4,Annihilation Gem,Tier 3,300,2022.09.22
28,8,Level 6,Crimson Flame Gem,Tier 3,2700,2022.09.22
28,9,Level 7,Crimson Flame Gem,Tier 3,8000,2022.09.22
28,10,Level 5,Azure Gem,Tier 2,1300,2022.09.22
29,1,Level 1,Azure Gem,Tier 2,1800,2022.09.22
29,2,Level 5,Annihilation Gem,Tier 3,1250,2022.09.22
29,3,Level 1,Azure Gem,Tier 2,1300,2022.09.22
29,4,Level 1,Azure Gem,Tier 2,1,2022.09.22
29,5,Level 5,Azure Gem,Tier 2,55,2022.09.22
29,6,Level 1,Azure Gem,Tier 2,302,2022.09.22
29,7,Level 1,Azure Gem,Tier 2,1,2022.09.22
29,8,Level 7,FarseaGem,Tier 2,66,2022.09.22
29,9,Level 4,Crimson Flame Gem,Tier 3,283,2022.09.22
29,10,Level 6,Crimson Flame Gem,Tier 3,2700,2022.09.22
30,1,Level 4,Annihilation Gem,Tier 3,300,2022.09.22
30,2,Level 5,Crimson Flame Gem,Tier 3,1250,2022.09.22
30,3,Level 5,Farsea Gem,Tier 2,1400,2022.09.22
30,4,Level 5,Azure Gem,Tier 2,25,2022.09.22
30,5,Level 2,Farsea Gem,Tier 2,1401,2022.09.22
30,6,Level 4,Annihilation Gem,Tier 3,300,2022.09.22
30,7,Level 3,Farsea Gem,Tier 2,4500,2022.09.22
30,8,Level 4,Annihilation Gem,Tier 3,300,2022.09.22
30,9,Level 4,Annihilation Gem,Tier 3,269,2022.09.22
30,10,Level 4,Annihilation Gem,Tier 3,269,2022.09.22
31,1,Level 4,Crimson Flame Gem,Tier 3,269,2022.09.22
31,2,Level 4,Crimson Flame Gem,Tier 3,269,2022.09.22
31,3,Level 3,Annihilation Gem,Tier 3,119,2022.09.22
31,4,Level 6,Crimson Flame Gem,Tier 3,2700,2022.09.22
31,5,Level 3,Farsea Gem,Tier 2,1400,2022.09.22
31,6,Level 3,Azure Gem,Tier 2,1400,2022.09.22
31,7,Level 2,Farsea Gem,Tier 2,1400,2022.09.22
31,8,Level 5,Annihilation Gem,Tier 3,1400,2022.09.22
31,9,Level 7,Annihilation Gem,Tier 3,9100,2022.09.22
31,10,Level 4,Annihilation Gem,Tier 3,600,2022.09.22
32,1,Level 2,Crimson Flame Gem,Tier 3,1500,2022.09.22
32,2,Level 3,Azure Gem,Tier 2,1500,2022.09.22
32,3,Level 6,Crimson Flame Gem,Tier 3,3199,2022.09.22
32,4,Level 5,Crimson Flame Gem,Tier 3,999,2022.09.22
32,5,Level 6,Annihilation Gem,Tier 3,2700,2022.09.22
32,6,Level 4,Annihilation Gem,Tier 3,300,2022.09.22
32,7,Level 3,Annihilation Gem,Tier 3,50000,2022.09.22
32,8,Level 2,FarseaGem,Tier 2,29999,2022.09.22
32,9,Level 4,Annihilation Gem,Tier 3,300,2022.09.22
32,10,Level 4,Annihilation Gem,Tier 3,300,2022.09.22
33,1,Level 6,Crimson Flame Gem,Tier 3,2950,2022.09.22
33,2,Level 6,Annihilation Gem,Tier 3,2700,2022.09.22
33,3,Level 5,Crimson Flame Gem,Tier 3,990,2022.09.22
33,4,Level 5,Crimson Flame Gem,Tier 3,1055,2022.09.22
33,5,Level 4,Crimson Flame Gem,Tier 3,350,2022.09.22
33,6,Level 6,Farsea Gem,Tier 2,22,2022.09.22
33,7,Level 9,Farsea Gem,Tier 2,1500,2022.09.22
33,8,Level 2,FarseaGem,Tier 2,1300,2022.09.22
33,9,Level 8,Farsea Gem,Tier 2,890,2022.09.22
33,10,Level 7,Azure Gem,Tier 2,295,2022.09.22
34,1,Level 7,Azure Gem,Tier 2,288,2022.09.22
34,2,Level 7,Azure Gem,Tier 2,250,2022.09.22
34,3,Level 4,Crimson Flame Gem,Tier 3,283,2022.09.22
34,4,Level 7,Azure Gem,Tier 2,222,2022.09.22
34,5,Level 7,Azure Gem,Tier 2,200,2022.09.22
34,6,Level 7,Azure Gem,Tier 2,150,2022.09.22
34,7,Level 8,Azure Gem,Tier 2,690,2022.09.22
34,8,Level 8,FarseaGem,Tier 2,400,2022.09.22
34,9,Level 6,Crimson Flame Gem,Tier 3,2700,2022.09.22
34,10,Level 2,Annihilation Gem,Tier 3,4000,2022.09.22
35,1,Level 7,Crimson Flame Gem,Tier 3,9500,2022.09.22
35,2,Level 5,Crimson Flame Gem,Tier 3,1055,2022.09.22
35,3,Level 7,Crimson Flame Gem,Tier 3,9000,2022.09.22
35,4,Level 5,Crimson Flame Gem,Tier 3,1054,2022.09.22
35,5,Level 5,Annihilation Gem,Tier 3,999,2022.09.22
35,6,Level 6,Farsea Gem,Tier 2,20,2022.09.22
35,7,Level 3,Annihilation Gem,Tier 3,115,2022.09.22
35,8,Level 3,Crimson Flame Gem,Tier 3,115,2022.09.22
35,9,Level 3,Crimson Flame Gem,Tier 3,115,2022.09.22
35,10,Level 3,Crimson Flame Gem,Tier 3,115,2022.09.22
36,1,Level 3,Annihilation Gem,Tier 3,115,2022.09.22
36,2,Level 3,Annihilation Gem,Tier 3,115,2022.09.22
36,3,Level 3,Annihilation Gem,Tier 3,115,2022.09.22
36,4,Level 3,Annihilation Gem,Tier 3,115,2022.09.22
36,5,Level 3,Crimson Flame Gem,Tier 3,115,2022.09.22
36,6,Level 3,Annihilation Gem,Tier 3,115,2022.09.22
36,7,Level 3,Annihilation Gem,Tier 3,115,2022.09.22
36,8,Level 3,Annihilation Gem,Tier 3,115,2022.09.22
36,9,Level 3,Annihilation Gem,Tier 3,115,2022.09.22
36,10,Level 3,Annihilation Gem,Tier 3,115,2022.09.22
37,1,Level 3,Annihilation Gem,Tier 3,115,2022.09.22
37,2,Level 3,Annihilation Gem,Tier 3,115,2022.09.22
37,3,Level 3,Crimson Flame Gem,Tier 3,115,2022.09.22
37,4,Level 3,Crimson Flame Gem,Tier 3,115,2022.09.22
37,5,Level 3,Annihilation Gem,Tier 3,115,2022.09.22
37,6,Level 7,Annihilation Gem,Tier 3,9950,2022.09.22
37,7,Level 4,Farsea Gem,Tier 2,20,2022.09.22
37,8,Level 4,Farsea Gem,Tier 2,0,2022.09.22
37,9,Level 3,Azure Gem,Tier 2,16,2022.09.22
37,10,Level 4,Farsea Gem,Tier 2,6,2022.09.22
38,1,Level 7,Crimson Flame Gem,Tier 3,9750,2022.09.22
38,2,Level 7,Annihilation Gem,Tier 3,11000,2022.09.22
38,3,Level 3,Azure Gem,Tier 2,20,2022.09.22
38,4,Level 4,Crimson Flame Gem,Tier 3,300,2022.09.22
38,5,Level 6,Annihilation Gem,Tier 3,2700,2022.09.22
38,6,Level 2,Azure Gem,Tier 2,1499,2022.09.22
38,7,Level 2,Azure Gem,Tier 2,1499,2022.09.22
38,8,Level 7,Crimson Flame Gem,Tier 3,9500,2022.09.22
38,9,Level 4,Annihilation Gem,Tier 3,500,2022.09.22
38,10,Level 2,Annihilation Gem,Tier 3,100,2022.09.22
39,1,Level 5,Crimson Flame Gem,Tier 3,1200,2022.09.22
39,2,Level 5,Azure Gem,Tier 2,1000,2022.09.22
39,3,Level 2,Azure Gem,Tier 2,1000,2022.09.22
39,4,Level 7,Annihilation Gem,Tier 3,9499,2022.09.22
39,5,Level 5,Azure Gem,Tier 2,55,2022.09.22
39,6,Level 2,Azure Gem,Tier 2,5,2022.09.22
39,7,Level 3,Azure Gem,Tier 2,2,2022.09.22
39,8,Level 7,Crimson Flame Gem,Tier 3,9499,2022.09.22
39,9,Level 7,Crimson Flame Gem,Tier 3,9499,2022.09.22
39,10,Level 2,Azure Gem,Tier 2,2,2022.09.22
40,1,Level 2,Azure Gem,Tier 2,2,2022.09.22
40,2,Level 5,Crimson Flame Gem,Tier 3,1050,2022.09.22
40,3,Level 5,Crimson Flame Gem,Tier 3,1050,2022.09.22
40,4,Level 2,FarseaGem,Tier 2,1500,2022.09.22
40,5,Level 5,Annihilation Gem,Tier 3,1050,2022.09.22
40,6,Level 5,Annihilation Gem,Tier 3,1050,2022.09.22
40,7,Level 5,Annihilation Gem,Tier 3,1050,2022.09.22
40,8,Level 5,Annihilation Gem,Tier 3,1050,2022.09.22
40,9,Level 5,Annihilation Gem,Tier 3,1050,2022.09.22
40,10,Level 5,Annihilation Gem,Tier 3,1050,2022.09.22
41,1,Level 5,Crimson Flame Gem,Tier 3,1050,2022.09.22
41,2,Level 3,Azure Gem,Tier 2,25400,2022.09.22
41,3,Level 5,Annihilation Gem,Tier 3,1050,2022.09.22
41,4,Level 5,Crimson Flame Gem,Tier 3,980,2022.09.22
41,5,Level 5,Crimson Flame Gem,Tier 3,1050,2022.09.22
41,6,Level 5,Crimson Flame Gem,Tier 3,1050,2022.09.22
41,7,Level 5,Crimson Flame Gem,Tier 3,1050,2022.09.22
41,8,Level 5,Crimson Flame Gem,Tier 3,1050,2022.09.22
41,9,Level 7,Crimson Flame Gem,Tier 3,9450,2022.09.22
41,10,Level 7,Annihilation Gem,Tier 3,9000,2022.09.22
42,1,Level 5,Annihilation Gem,Tier 3,985,2022.09.22
42,2,Level 5,Crimson Flame Gem,Tier 3,985,2022.09.22
42,3,Level 5,Azure Gem,Tier 2,1400,2022.09.22
42,4,Level 5,Azure Gem,Tier 2,30,2022.09.22
42,5,Level 6,Annihilation Gem,Tier 3,3199,2022.09.22
42,6,Level 3,Farsea Gem,Tier 2,4500,2022.09.22
42,7,Level 5,Annihilation Gem,Tier 3,985,2022.09.22
42,8,Level 6,Annihilation Gem,Tier 3,2730,2022.09.22
42,9,Level 6,Crimson Flame Gem,Tier 3,2730,2022.09.22
42,10,Level 5,Crimson Flame Gem,Tier 3,882,2022.09.22
43,1,Level 7,Annihilation Gem,Tier 3,9450,2022.09.22
43,2,Level 3,Annihilation Gem,Tier 3,21984,2022.09.22
43,3,Level 7,Annihilation Gem,Tier 3,9445,2022.09.22
43,4,Level 7,Crimson Flame Gem,Tier 3,9440,2022.09.22
43,5,Level 5,Crimson Flame Gem,Tier 3,1050,2022.09.22
43,6,Level 5,Crimson Flame Gem,Tier 3,1050,2022.09.22
43,7,Level 2,Azure Gem,Tier 2,2,2022.09.22
43,8,Level 6,Annihilation Gem,Tier 3,71010,2022.09.22
43,9,Level 6,Crimson Flame Gem,Tier 3,3199,2022.09.22
43,10,Level 7,Crimson Flame Gem,Tier 3,9200,2022.09.22
44,1,Level 7,Annihilation Gem,Tier 3,10000,2022.09.22
44,2,Level 5,Crimson Flame Gem,Tier 3,1050,2022.09.22
44,3,Level 6,Annihilation Gem,Tier 3,3200,2022.09.22
44,4,Level 3,Annihilation Gem,Tier 3,70,2022.09.22
44,5,Level 6,Farsea Gem,Tier 2,250,2022.09.22
44,6,Level 3,Annihilation Gem,Tier 3,7300,2022.09.22
44,7,Level 3,Crimson Flame Gem,Tier 3,70,2022.09.22
44,8,Level 3,Crimson Flame Gem,Tier 3,0,2022.09.22
44,9,Level 3,Crimson Flame Gem,Tier 3,70,2022.09.22
44,10,Level 7,Crimson Flame Gem,Tier 3,9450,2022.09.22
45,1,Level 5,Azure Gem,Tier 2,10,2022.09.22
45,2,Level 2,Crimson Flame Gem,Tier 3,35,2022.09.22
45,3,Level 2,Crimson Flame Gem,Tier 3,35,2022.09.22
45,4,Level 2,Annihilation Gem,Tier 3,35,2022.09.22
45,5,Level 2,Annihilation Gem,Tier 3,35,2022.09.22
45,6,Level 2,Annihilation Gem,Tier 3,35,2022.09.22
45,7,Level 2,Annihilation Gem,Tier 3,35,2022.09.22
45,8,Level 2,Annihilation Gem,Tier 3,35,2022.09.22
45,9,Level 2,Crimson Flame Gem,Tier 3,35,2022.09.22
45,10,Level 2,Crimson Flame Gem,Tier 3,35,2022.09.22
46,1,Level 2,Crimson Flame Gem,Tier 3,35,2022.09.22
46,2,Level 2,Annihilation Gem,Tier 3,35,2022.09.22
46,3,Level 2,Crimson Flame Gem,Tier 3,35,2022.09.22
46,4,Level 2,Annihilation Gem,Tier 3,35,2022.09.22
46,5,Level 2,Annihilation Gem,Tier 3,35,2022.09.22
46,6,Level 2,Annihilation Gem,Tier 3,35,2022.09.22
46,7,Level 2,Annihilation Gem,Tier 3,35,2022.09.22
46,8,Level 2,Crimson Flame Gem,Tier 3,35,2022.09.22
46,9,Level 2,Crimson Flame Gem,Tier 3,35,2022.09.22
46,10,Level 2,Annihilation Gem,Tier 3,35,2022.09.22
47,1,Level 2,Annihilation Gem,Tier 3,35,2022.09.22
47,2,Level 3,Annihilation Gem,Tier 3,2100,2022.09.22
47,3,Level 7,Annihilation Gem,Tier 3,9800,2022.09.22
47,4,Level 7,Annihilation Gem,Tier 3,9999,2022.09.22
47,5,Level 2,Annihilation Gem,Tier 3,1300,2022.09.22
47,6,Level 6,Azure Gem,Tier 2,7500,2022.09.22
47,7,Level 9,Crimson Flame Gem,Tier 3,78999,2022.09.22
47,8,Level 2,Azure Gem,Tier 2,1300,2022.09.22
47,9,Level 2,Azure Gem,Tier 2,7500,2022.09.22
47,10,Level 3,Crimson Flame Gem,Tier 3,110,2022.09.22
48,1,Level 3,Annihilation Gem,Tier 3,110,2022.09.22
48,2,Level 3,Annihilation Gem,Tier 3,3500,2022.09.22
48,3,Level 5,Crimson Flame Gem,Tier 3,999,2022.09.22
48,4,Level 4,Azure Gem,Tier 2,1400,2022.09.22
48,5,Level 3,Annihilation Gem,Tier 3,2300,2022.09.22
48,6,Level 6,Crimson Flame Gem,Tier 3,50124,2022.09.22
48,7,Level 3,Annihilation Gem,Tier 3,70,2022.09.22
48,8,Level 3,Crimson Flame Gem,Tier 3,0,2022.09.22
48,9,Level 3,Crimson Flame Gem,Tier 3,70,2022.09.22
48,10,Level 3,Annihilation Gem,Tier 3,70,2022.09.22
49,1,Level 3,Annihilation Gem,Tier 3,70,2022.09.22
49,2,Level 3,Annihilation Gem,Tier 3,70,2022.09.22
49,3,Level 3,Annihilation Gem,Tier 3,70,2022.09.22
49,4,Level 3,Annihilation Gem,Tier 3,70,2022.09.22
49,5,Level 3,Annihilation Gem,Tier 3,70,2022.09.22
49,6,Level 3,Annihilation Gem,Tier 3,70,2022.09.22
49,7,Level 3,Farsea Gem,Tier 2,20,2022.09.22
49,8,Level 3,Annihilation Gem,Tier 3,2000,2022.09.22
49,9,Level 3,Annihilation Gem,Tier 3,70,2022.09.22
49,10,Level 3,Annihilation Gem,Tier 3,70,2022.09.22
50,1,Level 3,Annihilation Gem,Tier 3,70,2022.09.22
50,2,Level 3,Annihilation Gem,Tier 3,70,2022.09.22
50,3,Level 3,Crimson Flame Gem,Tier 3,119,2022.09.22
50,4,Level 3,Crimson Flame Gem,Tier 3,70,2022.09.22
50,5,Level 3,Crimson Flame Gem,Tier 3,70,2022.09.22
50,6,Level 3,Crimson Flame Gem,Tier 3,70,2022.09.22
50,7,Level 3,Annihilation Gem,Tier 3,70,2022.09.22
50,8,Level 3,Annihilation Gem,Tier 3,70,2022.09.22
50,9,Level 3,Crimson Flame Gem,Tier 3,70,2022.09.22
50,10,Level 6,Crimson Flame Gem,Tier 3,3333,2022.09.22
51,1,Level 7,Annihilation Gem,Tier 3,10000,2022.09.22
51,2,Level 6,Crimson Flame Gem,Tier 3,3333,2022.09.22
51,3,Level 3,Crimson Flame Gem,Tier 3,1600,2022.09.22
51,4,Level 3,Crimson Flame Gem,Tier 3,90,2022.09.22
51,5,Level 3,Crimson Flame Gem,Tier 3,90,2022.09.22
51,6,Level 3,Crimson Flame Gem,Tier 3,90,2022.09.22
51,7,Level 2,Azure Gem,Tier 2,2,2022.09.22
51,8,Level 5,Farsea Gem,Tier 2,70,2022.09.22
51,9,Level 3,Crimson Flame Gem,Tier 3,90,2022.09.22
51,10,Level 3,Crimson Flame Gem,Tier 3,11002,2022.09.22
52,1,Level 3,Crimson Flame Gem,Tier 3,90,2022.09.22
52,2,Level 3,Crimson Flame Gem,Tier 3,90,2022.09.22
52,3,Level 3,Crimson Flame Gem,Tier 3,90,2022.09.22
52,4,Level 2,Azure Gem,Tier 2,1400,2022.09.22
52,5,Level 3,Crimson Flame Gem,Tier 3,90,2022.09.22
52,6,Level 3,Crimson Flame Gem,Tier 3,90,2022.09.22
52,7,Level 2,Crimson Flame Gem,Tier 3,1300,2022.09.22
52,8,Level 2,Azure Gem,Tier 2,4500,2022.09.22
52,9,Level 2,Azure Gem,Tier 2,4500,2022.09.22
52,10,Level 4,Annihilation Gem,Tier 3,2000,2022.09.22
53,1,Level 3,Crimson Flame Gem,Tier 3,90,2022.09.22
53,2,Level 3,Crimson Flame Gem,Tier 3,90,2022.09.22
53,3,Level 3,Crimson Flame Gem,Tier 3,90,2022.09.22
53,4,Level 3,Crimson Flame Gem,Tier 3,90,2022.09.22
53,5,Level 3,Crimson Flame Gem,Tier 3,90,2022.09.22
53,6,Level 2,Azure Gem,Tier 2,1600,2022.09.22
53,7,Level 4,Farsea Gem,Tier 2,200030,2022.09.22
53,8,Level 4,Crimson Flame Gem,Tier 3,325,2022.09.22
53,9,Level 4,Crimson Flame Gem,Tier 3,325,2022.09.22
53,10,Level 5,Crimson Flame Gem,Tier 3,980,2022.09.22
54,1,Level 4,Farsea Gem,Tier 2,4000,2022.09.22
54,2,Level 2,Crimson Flame Gem,Tier 3,2000,2022.09.22
54,3,Level 2,Farsea Gem,Tier 2,1400,2022.09.22
54,4,Level 5,Crimson Flame Gem,Tier 3,1050,2022.09.22
54,5,Level 5,Crimson Flame Gem,Tier 3,1050,2022.09.22
54,6,Level 5,Crimson Flame Gem,Tier 3,1050,2022.09.22
54,7,Level 5,Crimson Flame Gem,Tier 3,1050,2022.09.22
54,8,Level 5,Crimson Flame Gem,Tier 3,1050,2022.09.22
54,9,Level 5,Annihilation Gem,Tier 3,1050,2022.09.22
54,10,Level 2,FarseaGem,Tier 2,10,2022.09.22
55,1,Level 5,Crimson Flame Gem,Tier 3,1050,2022.09.22
55,2,Level 5,Crimson Flame Gem,Tier 3,1050,2022.09.22
55,3,Level 5,Annihilation Gem,Tier 3,1050,2022.09.22
55,4,Level 5,Annihilation Gem,Tier 3,1050,2022.09.22
55,5,Level 5,Crimson Flame Gem,Tier 3,1050,2022.09.22
55,6,Level 5,Annihilation Gem,Tier 3,1050,2022.09.22
55,7,Level 5,Crimson Flame Gem,Tier 3,1050,2022.09.22
55,8,Level 5,Crimson Flame Gem,Tier 3,1050,2022.09.22
55,9,Level 5,Annihilation Gem,Tier 3,1050,2022.09.22
55,10,Level 5,Annihilation Gem,Tier 3,1050,2022.09.22
56,1,Level 5,Annihilation Gem,Tier 3,1050,2022.09.22
56,2,Level 5,Annihilation Gem,Tier 3,1050,2022.09.22
56,3,Level 5,Crimson Flame Gem,Tier 3,1050,2022.09.22
56,4,Level 5,Annihilation Gem,Tier 3,1050,2022.09.22
56,5,Level 5,Annihilation Gem,Tier 3,1050,2022.09.22
56,6,Level 5,Annihilation Gem,Tier 3,1050,2022.09.22
56,7,Level 5,Crimson Flame Gem,Tier 3,1050,2022.09.22
56,8,Level 5,Annihilation Gem,Tier 3,1050,2022.09.22
56,9,Level 3,Azure Gem,Tier 2,100000,2022.09.22
56,10,Level 5,Annihilation Gem,Tier 3,1050,2022.09.22
57,1,Level 5,Crimson Flame Gem,Tier 3,1050,2022.09.22
57,2,Level 5,Annihilation Gem,Tier 3,1050,2022.09.22
57,3,Level 5,Crimson Flame Gem,Tier 3,1050,2022.09.22
57,4,Level 5,Annihilation Gem,Tier 3,1050,2022.09.22
57,5,Level 5,Crimson Flame Gem,Tier 3,1050,2022.09.22
57,6,Level 5,Annihilation Gem,Tier 3,1050,2022.09.22
57,7,Level 5,Annihilation Gem,Tier 3,1050,2022.09.22
57,8,Level 5,Annihilation Gem,Tier 3,1050,2022.09.22
57,9,Level 5,Annihilation Gem,Tier 3,1050,2022.09.22
57,10,Level 5,Annihilation Gem,Tier 3,1050,2022.09.22
58,1,Level 5,Annihilation Gem,Tier 3,1050,2022.09.22
58,2,Level 5,Annihilation Gem,Tier 3,1050,2022.09.22
58,3,Level 5,Annihilation Gem,Tier 3,1050,2022.09.22
58,4,Level 5,Annihilation Gem,Tier 3,1050,2022.09.22
58,5,Level 4,Azure Gem,Tier 2,10,2022.09.22
58,6,Level 5,Farsea Gem,Tier 2,0,2022.09.22
58,7,Level 6,Annihilation Gem,Tier 3,3100,2022.09.22
58,8,Level 4,Crimson Flame Gem,Tier 3,283,2022.09.22
58,9,Level 4,Azure Gem,Tier 2,10,2022.09.22
58,10,Level 4,Annihilation Gem,Tier 3,800,2022.09.22
59,1,Level 4,Crimson Flame Gem,Tier 3,800,2022.09.22
59,2,Level 4,Annihilation Gem,Tier 3,283,2022.09.22
59,3,Level 2,Annihilation Gem,Tier 3,30,2022.09.22
59,4,Level 5,Annihilation Gem,Tier 3,1000,2022.09.22
59,5,Level 2,Farsea Gem,Tier 2,1301,2022.09.22
59,6,Level 5,Annihilation Gem,Tier 3,999,2022.09.22
59,7,Level 2,FarseaGem,Tier 2,1301,2022.09.22
59,8,Level 5,Azure Gem,Tier 2,10,2022.09.22
59,9,Level 8,Crimson Flame Gem,Tier 3,30000,2022.09.22
59,10,Level 4,Crimson Flame Gem,Tier 3,283,2022.09.22
60,1,Level 7,Annihilation Gem,Tier 3,9500,2022.09.22
60,2,Level 7,Annihilation Gem,Tier 3,9500,2022.09.22
60,3,Level 6,Crimson Flame Gem,Tier 3,3333,2022.09.22
60,4,Level 4,Crimson Flame Gem,Tier 3,283,2022.09.22
60,5,Level 4,Crimson Flame Gem,Tier 3,355,2022.09.22
60,6,Level 6,Annihilation Gem,Tier 3,3200,2022.09.22
60,7,Level 4,Annihilation Gem,Tier 3,283,2022.09.22
60,8,Level 6,Azure Gem,Tier 2,1400,2022.09.22
60,9,Level 4,Crimson Flame Gem,Tier 3,283,2022.09.22
60,10,Level 4,Crimson Flame Gem,Tier 3,283,2022.09.22
61,1,Level 2,Annihilation Gem,Tier 3,35,2022.09.22
61,2,Level 2,Crimson Flame Gem,Tier 3,35,2022.09.22
61,3,Level 2,Annihilation Gem,Tier 3,35,2022.09.22
61,4,Level 2,Crimson Flame Gem,Tier 3,35,2022.09.22
61,5,Level 2,Crimson Flame Gem,Tier 3,35,2022.09.22
61,6,Level 2,Crimson Flame Gem,Tier 3,35,2022.09.22
61,7,Level 2,Annihilation Gem,Tier 3,35,2022.09.22
61,8,Level 2,Annihilation Gem,Tier 3,35,2022.09.22
61,9,Level 2,Crimson Flame Gem,Tier 3,35,2022.09.22
61,10,Level 2,Crimson Flame Gem,Tier 3,35,2022.09.22
62,1,Level 2,Crimson Flame Gem,Tier 3,35,2022.09.22
62,2,Level 2,Crimson Flame Gem,Tier 3,35,2022.09.22
62,3,Level 2,Annihilation Gem,Tier 3,35,2022.09.22
62,4,Level 2,Crimson Flame Gem,Tier 3,35,2022.09.22
62,5,Level 2,Annihilation Gem,Tier 3,35,2022.09.22
62,6,Level 2,Annihilation Gem,Tier 3,35,2022.09.22
62,7,Level 2,Crimson Flame Gem,Tier 3,35,2022.09.22
62,8,Level 2,Annihilation Gem,Tier 3,35,2022.09.22
62,9,Level 2,Annihilation Gem,Tier 3,35,2022.09.22
62,10,Level 2,Annihilation Gem,Tier 3,35,2022.09.22
63,1,Level 2,Crimson Flame Gem,Tier 3,35,2022.09.22
63,2,Level 2,Crimson Flame Gem,Tier 3,35,2022.09.22
63,3,Level 2,Annihilation Gem,Tier 3,35,2022.09.22
63,4,Level 2,Crimson Flame Gem,Tier 3,35,2022.09.22
63,5,Level 2,Crimson Flame Gem,Tier 3,35,2022.09.22
63,6,Level 2,Crimson Flame Gem,Tier 3,35,2022.09.22
63,7,Level 2,Crimson Flame Gem,Tier 3,35,2022.09.22
63,8,Level 6,Crimson Flame Gem,Tier 3,3000,2022.09.22
63,9,Level 6,Annihilation Gem,Tier 3,3000,2022.09.22
63,10,Level 6,Crimson Flame Gem,Tier 3,3000,2022.09.22
64,1,Level 6,Annihilation Gem,Tier 3,3000,2022.09.22
64,2,Level 6,Annihilation Gem,Tier 3,3000,2022.09.22
64,3,Level 6,Annihilation Gem,Tier 3,2999,2022.09.22
64,4,Level 6,Crimson Flame Gem,Tier 3,2999,2022.09.22
64,5,Level 6,Crimson Flame Gem,Tier 3,2999,2022.09.22
64,6,Level 5,Annihilation Gem,Tier 3,1000,2022.09.22
64,7,Level 5,Annihilation Gem,Tier 3,1000,2022.09.22
64,8,Level 5,Annihilation Gem,Tier 3,999,2022.09.22
64,9,Level 5,Annihilation Gem,Tier 3,999,2022.09.22
64,10,Level 5,Annihilation Gem,Tier 3,999,2022.09.22
65,1,Level 5,Annihilation Gem,Tier 3,999,2022.09.22
65,2,Level 2,Annihilation Gem,Tier 3,5000,2022.09.22
65,3,Level 4,Annihilation Gem,Tier 3,283,2022.09.22
65,4,Level 7,Crimson Flame Gem,Tier 3,9399,2022.09.22
65,5,Level 4,Annihilation Gem,Tier 3,283,2022.09.22
65,6,Level 4,Annihilation Gem,Tier 3,283,2022.09.22
65,7,Level 5,Farsea Gem,Tier 2,1500,2022.09.22
65,8,Level 5,Farsea Gem,Tier 2,1500,2022.09.22
65,9,Level 6,Farsea Gem,Tier 2,200,2022.09.22
65,10,Level 6,Annihilation Gem,Tier 3,3333,2022.09.22
66,1,Level 2,Annihilation Gem,Tier 3,32,2022.09.22
66,2,Level 7,Annihilation Gem,Tier 3,9400,2022.09.22
66,3,Level 4,Azure Gem,Tier 2,1400,2022.09.22
66,4,Level 6,Crimson Flame Gem,Tier 3,3000,2022.09.22
66,5,Level 2,Crimson Flame Gem,Tier 3,2000,2022.09.22
66,6,Level 5,Farsea Gem,Tier 2,58,2022.09.22
66,7,Level 7,Crimson Flame Gem,Tier 3,11000,2022.09.22
66,8,Level 6,Crimson Flame Gem,Tier 3,4000,2022.09.22
66,9,Level 6,Crimson Flame Gem,Tier 3,4000,2022.09.22
66,10,Level 4,Crimson Flame Gem,Tier 3,322,2022.09.22
67,1,Level 4,Annihilation Gem,Tier 3,283,2022.09.22
67,2,Level 4,Crimson Flame Gem,Tier 3,283,2022.09.22
67,3,Level 3,Azure Gem,Tier 2,1500,2022.09.22
67,4,Level 6,Annihilation Gem,Tier 3,2999,2022.09.22
67,5,Level 4,Crimson Flame Gem,Tier 3,350,2022.09.22
67,6,Level 4,Crimson Flame Gem,Tier 3,350,2022.09.22
67,7,Level 3,Farsea Gem,Tier 2,50004,2022.09.22
67,8,Level 6,Crimson Flame Gem,Tier 3,3333,2022.09.22
67,9,Level 6,Crimson Flame Gem,Tier 3,3000,2022.09.22
67,10,Level 6,Crimson Flame Gem,Tier 3,2950,2022.09.22
68,1,Level 4,Annihilation Gem,Tier 3,283,2022.09.22
68,2,Level 6,Annihilation Gem,Tier 3,5000,2022.09.22
68,3,Level 5,Farsea Gem,Tier 2,65,2022.09.22
68,4,Level 5,Farsea Gem,Tier 2,65,2022.09.22
68,5,Level 3,Azure Gem,Tier 2,20000,2022.09.22
68,6,Level 3,Farsea Gem,Tier 2,4500,2022.09.22
68,7,Level 4,Crimson Flame Gem,Tier 3,350,2022.09.22
68,8,Level 9,Annihilation Gem,Tier 3,119800,2022.09.22
68,9,Level 4,Crimson Flame Gem,Tier 3,350,2022.09.22
68,10,Level 4,Crimson Flame Gem,Tier 3,350,2022.09.22
69,1,Level 4,Annihilation Gem,Tier 3,333,2022.09.22
69,2,Level 4,Annihilation Gem,Tier 3,333,2022.09.22
69,3,Level 4,Annihilation Gem,Tier 3,333,2022.09.22
69,4,Level 4,Crimson Flame Gem,Tier 3,333,2022.09.22
69,5,Level 4,Annihilation Gem,Tier 3,333,2022.09.22
69,6,Level 4,Crimson Flame Gem,Tier 3,333,2022.09.22
69,7,Level 4,Crimson Flame Gem,Tier 3,333,2022.09.22
69,8,Level 4,Crimson Flame Gem,Tier 3,333,2022.09.22
69,9,Level 4,Annihilation Gem,Tier 3,333,2022.09.22
69,10,Level 4,Crimson Flame Gem,Tier 3,333,2022.09.22
70,1,Level 4,Annihilation Gem,Tier 3,333,2022.09.22
70,2,Level 4,Crimson Flame Gem,Tier 3,333,2022.09.22
70,3,Level 4,Annihilation Gem,Tier 3,333,2022.09.22
70,4,Level 4,Annihilation Gem,Tier 3,333,2022.09.22
70,5,Level 4,Crimson Flame Gem,Tier 3,320,2022.09.22
70,6,Level 6,Crimson Flame Gem,Tier 3,1900,2022.09.22
70,7,Level 4,Annihilation Gem,Tier 3,300,2022.09.22
70,8,Level 6,Annihilation Gem,Tier 3,3000,2022.09.22
70,9,Level 7,Crimson Flame Gem,Tier 3,9500,2022.09.22
70,10,Level 2,Crimson Flame Gem,Tier 3,18,2022.09.22
71,1,Level 2,Annihilation Gem,Tier 3,18,2022.09.22
71,2,Level 4,Annihilation Gem,Tier 3,9,2022.09.22
71,3,Level 2,Azure Gem,Tier 2,1400,2022.09.22
71,4,Level 4,Farsea Gem,Tier 2,1300,2022.09.22
71,5,Level 2,Crimson Flame Gem,Tier 3,1300,2022.09.22
71,6,Level 6,Annihilation Gem,Tier 3,3333,2022.09.22
71,7,Level 4,Farsea Gem,Tier 2,20,2022.09.22
71,8,Level 6,Annihilation Gem,Tier 3,3333,2022.09.22
71,9,Level 2,Azure Gem,Tier 2,1500,2022.09.22
71,10,Level 2,Crimson Flame Gem,Tier 3,400,2022.09.22
72,1,Level 7,Annihilation Gem,Tier 3,9400,2022.09.22
72,2,Level 2,Crimson Flame Gem,Tier 3,400,2022.09.22
72,3,Level 2,Annihilation Gem,Tier 3,8000,2022.09.22
72,4,Level 4,Annihilation Gem,Tier 3,310,2022.09.22
72,5,Level 4,Crimson Flame Gem,Tier 3,300,2022.09.22
72,6,Level 6,Crimson Flame Gem,Tier 3,3000,2022.09.22
72,7,Level 2,Annihilation Gem,Tier 3,8000,2022.09.22
72,8,Level 6,Crimson Flame Gem,Tier 3,2950,2022.09.22
72,9,Level 4,Annihilation Gem,Tier 3,350,2022.09.22
72,10,Level 4,Farsea Gem,Tier 2,158021,2022.09.22
73,1,Level 2,Annihilation Gem,Tier 3,1400,2022.09.22
73,2,Level 2,Crimson Flame Gem,Tier 3,4500,2022.09.22
73,3,Level 2,Crimson Flame Gem,Tier 3,1300,2022.09.22
73,4,Level 4,Farsea Gem,Tier 2,1300,2022.09.22
73,5,Level 4,Crimson Flame Gem,Tier 3,288,2022.09.22
73,6,Level 2,Annihilation Gem,Tier 3,1300,2022.09.22
73,7,Level 6,Annihilation Gem,Tier 3,2777,2022.09.22
73,8,Level 4,Crimson Flame Gem,Tier 3,-,2022.09.22
73,9,Level 4,Annihilation Gem,Tier 3,300,2022.09.22
73,10,Level 4,Farsea Gem,Tier 2,55,2022.09.22
74,1,Level 6,Crimson Flame Gem,Tier 3,3333,2022.09.22
74,2,Level 4,Crimson Flame Gem,Tier 3,330,2022.09.22
74,3,Level 6,Annihilation Gem,Tier 3,2900,2022.09.22
74,4,Level 4,Crimson Flame Gem,Tier 3,300,2022.09.22
74,5,Level 7,Crimson Flame Gem,Tier 3,9499,2022.09.22
74,6,Level 6,Annihilation Gem,Tier 3,3000,2022.09.22
74,7,Level 6,Crimson Flame Gem,Tier 3,2999,2022.09.22
74,8,Level 6,Crimson Flame Gem,Tier 3,2999,2022.09.22
74,9,Level 6,Annihilation Gem,Tier 3,2999,2022.09.22
74,10,Level 6,Annihilation Gem,Tier 3,2999,2022.09.22
75,1,Level 6,Annihilation Gem,Tier 3,2999,2022.09.22
75,2,Level 6,Annihilation Gem,Tier 3,2999,2022.09.22
75,3,Level 6,Annihilation Gem,Tier 3,2999,2022.09.22
75,4,Level 6,Annihilation Gem,Tier 3,2950,2022.09.22
75,5,Level 6,Crimson Flame Gem,Tier 3,2777,2022.09.22
75,6,Level 4,Annihilation Gem,Tier 3,288,2022.09.22
75,7,Level 4,Azure Gem,Tier 2,4500,2022.09.22
75,8,Level 3,Azure Gem,Tier 2,1500,2022.09.22
75,9,Level 4,Annihilation Gem,Tier 3,310,2022.09.22
75,10,Level 6,Annihilation Gem,Tier 3,2777,2022.09.22
76,1,Level 6,Annihilation Gem,Tier 3,2598,2022.09.22
76,2,Level 6,Crimson Flame Gem,Tier 3,2598,2022.09.22
76,3,Level 2,Farsea Gem,Tier 2,1300,2022.09.22
76,4,Level 6,Crimson Flame Gem,Tier 3,2598,2022.09.22
76,5,Level 6,Annihilation Gem,Tier 3,2598,2022.09.22
76,6,Level 4,Annihilation Gem,Tier 3,288,2022.09.22
76,7,Level 4,Crimson Flame Gem,Tier 3,259,2022.09.22
76,8,Level 4,Crimson Flame Gem,Tier 3,259,2022.09.22
76,9,Level 4,Crimson Flame Gem,Tier 3,259,2022.09.22
76,10,Level 4,Crimson Flame Gem,Tier 3,259,2022.09.22
77,1,Level 2,FarseaGem,Tier 2,1300,2022.09.22
77,2,Level 2,FarseaGem,Tier 2,0,2022.09.22
77,3,Level 2,Farsea Gem,Tier 2,20,2022.09.22
77,4,Level 2,Farsea Gem,Tier 2,10,2022.09.22
77,5,Level 2,Crimson Flame Gem,Tier 3,150,2022.09.22
77,6,Level 6,Crimson Flame Gem,Tier 3,3333,2022.09.22
77,7,Level 4,Annihilation Gem,Tier 3,300,2022.09.22
77,8,Level 6,Annihilation Gem,Tier 3,3333,2022.09.22
77,9,Level 6,Crimson Flame Gem,Tier 3,3000,2022.09.22
77,10,Level 2,Annihilation Gem,Tier 3,34,2022.09.22
78,1,Level 2,Crimson Flame Gem,Tier 3,34,2022.09.22
78,2,Level 2,Crimson Flame Gem,Tier 3,34,2022.09.22
78,3,Level 2,Annihilation Gem,Tier 3,30,2022.09.22
78,4,Level 3,Azure Gem,Tier 2,1400,2022.09.22
78,5,Level 4,Crimson Flame Gem,Tier 3,300,2022.09.22
78,6,Level 4,Crimson Flame Gem,Tier 3,500,2022.09.22
78,7,Level 6,Annihilation Gem,Tier 3,3296,2022.09.22
78,8,Level 6,Crimson Flame Gem,Tier 3,3199,2022.09.22
78,9,Level 6,Annihilation Gem,Tier 3,2666,2022.09.22
78,10,Level 4,Crimson Flame Gem,Tier 3,288,2022.09.22
79,1,Level 5,Azure Gem,Tier 2,1400,2022.09.22
79,2,Level 4,Farsea Gem,Tier 2,1400,2022.09.22
79,3,Level 5,Azure Gem,Tier 2,1400,2022.09.22
79,4,Level 5,Farsea Gem,Tier 2,1400,2022.09.22
79,5,Level 4,Azure Gem,Tier 2,1400,2022.09.22
79,6,Level 2,Annihilation Gem,Tier 3,8000,2022.09.22
79,7,Level 4,Annihilation Gem,Tier 3,350,2022.09.22
79,8,Level 8,Annihilation Gem,Tier 3,27000,2022.09.22
79,9,Level 4,Crimson Flame Gem,Tier 3,350,2022.09.22
79,10,Level 2,Annihilation Gem,Tier 3,31,2022.09.22
80,1,Level 2,Crimson Flame Gem,Tier 3,31,2022.09.22
80,2,Level 4,Crimson Flame Gem,Tier 3,300,2022.09.22
80,3,Level 6,Annihilation Gem,Tier 3,2620,2022.09.22
80,4,Level 4,Annihilation Gem,Tier 3,283,2022.09.22
80,5,Level 2,Azure Gem,Tier 2,1300,2022.09.22
80,6,Level 2,FarseaGem,Tier 2,1300,2022.09.22
80,7,Level 5,Farsea Gem,Tier 2,70,2022.09.22
80,8,Level 5,Azure Gem,Tier 2,70,2022.09.22
80,9,Level 7,Crimson Flame Gem,Tier 3,9500,2022.09.22
80,10,Level 4,Crimson Flame Gem,Tier 3,310,2022.09.22
81,1,Level 4,Annihilation Gem,Tier 3,288,2022.09.22
81,2,Level 6,Annihilation Gem,Tier 3,2666,2022.09.22
81,3,Level 6,Crimson Flame Gem,Tier 3,2950,2022.09.22
81,4,Level 7,Annihilation Gem,Tier 3,9490,2022.09.22
81,5,Level 6,Crimson Flame Gem,Tier 3,3000,2022.09.22
81,6,Level 6,Farsea Gem,Tier 2,94089,2022.09.22
81,7,Level 4,Crimson Flame Gem,Tier 3,300,2022.09.22
81,8,Level 3,Azure Gem,Tier 2,19021,2022.09.22
81,9,Level 4,Crimson Flame Gem,Tier 3,320,2022.09.22
81,10,Level 7,Crimson Flame Gem,Tier 3,9599,2022.09.22
82,1,Level 2,Annihilation Gem,Tier 3,3386,2022.09.22
82,2,Level 4,Annihilation Gem,Tier 3,300,2022.09.22
82,3,Level 7,FarseaGem,Tier 2,150,2022.09.22
82,4,Level 6,Crimson Flame Gem,Tier 3,3000,2022.09.22
82,5,Level 7,Annihilation Gem,Tier 3,7656,2022.09.22
82,6,Level 6,Annihilation Gem,Tier 3,3333,2022.09.22
82,7,Level 7,Crimson Flame Gem,Tier 3,9400,2022.09.22
82,8,Level 2,Annihilation Gem,Tier 3,50127,2022.09.22
82,9,Level 7,Crimson Flame Gem,Tier 3,9999,2022.09.22
82,10,Level 7,Annihilation Gem,Tier 3,9900,2022.09.22
83,1,Level 2,Crimson Flame Gem,Tier 3,-,2022.09.22
83,2,Level 2,Annihilation Gem,Tier 3,34,2022.09.22
83,3,Level 2,Crimson Flame Gem,Tier 3,1500,2022.09.22
83,4,Level 6,Crimson Flame Gem,Tier 3,2950,2022.09.22
83,5,Level 4,Crimson Flame Gem,Tier 3,288,2022.09.22
83,6,Level 2,Farsea Gem,Tier 2,1500,2022.09.22
83,7,Level 3,Azure Gem,Tier 2,15200,2022.09.22
83,8,Level 6,Annihilation Gem,Tier 3,2666,2022.09.22
83,9,Level 4,Annihilation Gem,Tier 3,300,2022.09.22
83,10,Level 7,Annihilation Gem,Tier 3,11000,2022.09.22
84,1,Level 7,Annihilation Gem,Tier 3,12000,2022.09.22
84,2,Level 4,Annihilation Gem,Tier 3,300,2022.09.22
84,3,Level 6,Crimson Flame Gem,Tier 3,3000,2022.09.22
84,4,Level 4,Crimson Flame Gem,Tier 3,115,2022.09.22
84,5,Level 4,Crimson Flame Gem,Tier 3,115,2022.09.22
84,6,Level 2,Annihilation Gem,Tier 3,10,2022.09.22
84,7,Level 2,Annihilation Gem,Tier 3,10,2022.09.22
84,8,Level 2,Annihilation Gem,Tier 3,10,2022.09.22
84,9,Level 6,Crimson Flame Gem,Tier 3,2700,2022.09.22
84,10,Level 6,Crimson Flame Gem,Tier 3,2666,2022.09.22
85,1,Level 7,Crimson Flame Gem,Tier 3,9499,2022.09.22
85,2,Level 2,Crimson Flame Gem,Tier 3,35,2022.09.22
85,3,Level 7,Crimson Flame Gem,Tier 3,12999,2022.09.22
85,4,Level 6,Annihilation Gem,Tier 3,3333,2022.09.22
85,5,Level 3,Azure Gem,Tier 2,1222,2022.09.22
85,6,Level 3,Azure Gem,Tier 2,16,2022.09.22
85,7,Level 2,Annihilation Gem,Tier 3,35,2022.09.22
85,8,Level 2,Annihilation Gem,Tier 3,35,2022.09.22
85,9,Level 2,Annihilation Gem,Tier 3,35,2022.09.22
85,10,Level 6,Crimson Flame Gem,Tier 3,3333,2022.09.22
86,1,Level 6,Annihilation Gem,Tier 3,2666,2022.09.22
86,2,Level 2,Farsea Gem,Tier 2,-,2022.09.22
86,3,Level 7,Annihilation Gem,Tier 3,10900,2022.09.22
86,4,Level 2,Crimson Flame Gem,Tier 3,34,2022.09.22
86,5,Level 2,Annihilation Gem,Tier 3,34,2022.09.22
86,6,Level 2,Crimson Flame Gem,Tier 3,34,2022.09.22
86,7,Level 2,Annihilation Gem,Tier 3,34,2022.09.22
86,8,Level 2,Crimson Flame Gem,Tier 3,34,2022.09.22
86,9,Level 2,Crimson Flame Gem,Tier 3,34,2022.09.22
86,10,Level 2,Crimson Flame Gem,Tier 3,30,2022.09.22
87,1,Level 2,Crimson Flame Gem,Tier 3,30,2022.09.22
87,2,Level 2,Crimson Flame Gem,Tier 3,20,2022.09.22
87,3,Level 7,Annihilation Gem,Tier 3,9450,2022.09.22
87,4,Level 6,Crimson Flame Gem,Tier 3,2999,2022.09.22
87,5,Level 4,Annihilation Gem,Tier 3,300,2022.09.22
87,6,Level 4,Annihilation Gem,Tier 3,259,2022.09.22
87,7,Level 6,Crimson Flame Gem,Tier 3,2900,2022.09.22
87,8,Level 6,Crimson Flame Gem,Tier 3,2597,2022.09.22
87,9,Level 6,Annihilation Gem,Tier 3,2498,2022.09.22
87,10,Level 6,Crimson Flame Gem,Tier 3,2498,2022.09.22
88,1,Level 6,Annihilation Gem,Tier 3,2498,2022.09.22
88,2,Level 5,Farsea Gem,Tier 2,59,2022.09.22
88,3,Level 6,Crimson Flame Gem,Tier 3,3000,2022.09.22
88,4,Level 2,Annihilation Gem,Tier 3,17,2022.09.22
88,5,Level 7,Annihilation Gem,Tier 3,10499,2022.09.22
88,6,Level 7,Annihilation Gem,Tier 3,9500,2022.09.22
88,7,Level 4,Azure Gem,Tier 2,9000,2022.09.22
88,8,Level 2,Crimson Flame Gem,Tier 3,9000,2022.09.22
88,9,Level 4,Azure Gem,Tier 2,9000,2022.09.22
88,10,Level 4,Azure Gem,Tier 2,20,2022.09.22
89,1,Level 4,Annihilation Gem,Tier 3,310,2022.09.22
89,2,Level 6,Annihilation Gem,Tier 3,3000,2022.09.22
89,3,Level 6,Annihilation Gem,Tier 3,3333,2022.09.22
89,4,Level 6,Annihilation Gem,Tier 3,2999,2022.09.22
89,5,Level 6,Annihilation Gem,Tier 3,3333,2022.09.22
89,6,Level 6,Annihilation Gem,Tier 3,2900,2022.09.22
89,7,Level 6,Annihilation Gem,Tier 3,2899,2022.09.22
89,8,Level 3,Azure Gem,Tier 2,17100,2022.09.22
89,9,Level 2,Azure Gem,Tier 2,1700,2022.09.22
89,10,Level 6,Annihilation Gem,Tier 3,3000,2022.09.22
90,1,Level 3,Azure Gem,Tier 2,1211,2022.09.22
90,2,Level 3,Azure Gem,Tier 2,16,2022.09.22
90,3,Level 7,Annihilation Gem,Tier 3,10200,2022.09.22
90,4,Level 2,Farsea Gem,Tier 2,10011,2022.09.22
90,5,Level 7,Crimson Flame Gem,Tier 3,9500,2022.09.22
90,6,Level 7,Crimson Flame Gem,Tier 3,8900,2022.09.22
90,7,Level 4,Farsea Gem,Tier 2,15200,2022.09.22
90,8,Level 2,Crimson Flame Gem,Tier 3,30,2022.09.22
90,9,Level 7,Annihilation Gem,Tier 3,11000,2022.09.22
90,10,Level 2,Azure Gem,Tier 2,1500,2022.09.22
91,1,Level 2,Farsea Gem,Tier 2,1500,2022.09.22
91,2,Level 5,Azure Gem,Tier 2,1011,2022.09.22
91,3,Level 5,Azure Gem,Tier 2,50,2022.09.22
91,4,Level 4,Farsea Gem,Tier 2,1222,2022.09.22
91,5,Level 4,Farsea Gem,Tier 2,5,2022.09.22
91,6,Level 5,Azure Gem,Tier 2,62,2022.09.22
91,7,Level 5,Azure Gem,Tier 2,62,2022.09.22
91,8,Level 5,Azure Gem,Tier 2,62,2022.09.22
91,9,Level 5,Farsea Gem,Tier 2,56,2022.09.22
91,10,Level 7,Crimson Flame Gem,Tier 3,9499,2022.09.22
92,1,Level 3,Azure Gem,Tier 2,2710,2022.09.22
92,2,Level 3,Azure Gem,Tier 2,999,2022.09.22
92,3,Level 3,Azure Gem,Tier 2,16,2022.09.22
92,4,Level 3,Azure Gem,Tier 2,30001,2022.09.22
92,5,Level 7,Azure Gem,Tier 2,100061,2022.09.22
92,6,Level 7,Azure Gem,Tier 2,100063,2022.09.22
92,7,Level 7,Azure Gem,Tier 2,100062,2022.09.22
92,8,Level 3,Azure Gem,Tier 2,50000,2022.09.22
92,9,Level 3,Farsea Gem,Tier 2,50000,2022.09.22
92,10,Level 2,FarseaGem,Tier 2,50000,2022.09.22
93,1,Level 5,Farsea Gem,Tier 2,55,2022.09.22
93,2,Level 7,Azure Gem,Tier 2,220,2022.09.22
93,3,Level 7,Azure Gem,Tier 2,199,2022.09.22
93,4,Level 7,Azure Gem,Tier 2,199,2022.09.22
93,5,Level 2,Farsea Gem,Tier 2,200000,2022.09.22
93,6,Level 7,Annihilation Gem,Tier 3,11999,2022.09.22
93,7,Level 6,Farsea Gem,Tier 2,100,2022.09.22
93,8,Level 5,Farsea Gem,Tier 2,110,2022.09.22
93,9,Level 7,Crimson Flame Gem,Tier 3,10999,2022.09.22
93,10,Level 7,Annihilation Gem,Tier 3,10000,2022.09.22
94,1,Level 3,Farsea Gem,Tier 2,50000,2022.09.22
94,2,Level 7,Annihilation Gem,Tier 3,11999,2022.09.22
94,3,Level 7,Crimson Flame Gem,Tier 3,12000,2022.09.22
94,4,Level 7,Crimson Flame Gem,Tier 3,10500,2022.09.22
94,5,Level 7,Crimson Flame Gem,Tier 3,10000,2022.09.22
94,6,Level 7,Crimson Flame Gem,Tier 3,9999,2022.09.22
94,7,Level 7,Annihilation Gem,Tier 3,11000,2022.09.22
94,8,Level 7,Annihilation Gem,Tier 3,9500,2022.09.22
94,9,Level 3,Azure Gem,Tier 2,3154,2022.09.22
94,10,Level 3,Azure Gem,Tier 2,999,2022.09.22
95,1,Level 3,Azure Gem,Tier 2,15,2022.09.22
95,2,Level 6,Farsea Gem,Tier 2,144021,2022.09.22
95,3,Level 5,Azure Gem,Tier 2,50,2022.09.22
95,4,Level 5,Farsea Gem,Tier 2,80024,2022.09.22
95,5,Level 8,FarseaGem,Tier 2,690,2022.09.22
95,6,Level 7,FarseaGem,Tier 2,280,2022.09.22
95,7,Level 7,FarseaGem,Tier 2,225,2022.09.22
95,8,Level 7,FarseaGem,Tier 2,215,2022.09.22
95,9,Level 7,FarseaGem,Tier 2,215,2022.09.22
95,10,Level 3,Azure Gem,Tier 2,200031,2022.09.22
96,1,Level 3,Farsea Gem,Tier 2,2,2022.09.22
96,2,Level 3,Azure Gem,Tier 2,150011,2022.09.22
96,3,Level 7,Crimson Flame Gem,Tier 3,9500,2022.09.22
96,4,Level 3,Azure Gem,Tier 2,1,2022.09.22
96,5,Level 7,Crimson Flame Gem,Tier 3,11000,2022.09.22
96,6,Level 7,Crimson Flame Gem,Tier 3,11000,2022.09.22
96,7,Level 3,Azure Gem,Tier 2,2,2022.09.22
96,8,Level 3,Azure Gem,Tier 2,2,2022.09.22
96,9,Level 3,Azure Gem,Tier 2,500,2022.09.22
96,10,Level 7,Azure Gem,Tier 2,300,2022.09.22
97,1,Level 7,Annihilation Gem,Tier 3,9800,2022.09.21
97,2,Level 7,Crimson Flame Gem,Tier 3,9250,2022.09.21
97,3,Level 2,Farsea Gem,Tier 2,3,2022.09.21
97,4,Level 2,Farsea Gem,Tier 2,-,2022.09.21
97,5,Level 2,Farsea Gem,Tier 2,3,2022.09.21
97,6,Level 8,Crimson Flame Gem,Tier 3,25000,2022.09.21
97,7,Level 2,Azure Gem,Tier 2,14000,2022.09.21
97,8,Level 9,Azure Gem,Tier 2,1444,2022.09.21
97,9,Level 2,Farsea Gem,Tier 2,2601,2022.09.21
97,10,Level 8,Crimson Flame Gem,Tier 3,29000,2022.09.21
98,1,Level 5,Farsea Gem,Tier 2,1400,2022.09.21
98,2,Level 7,Crimson Flame Gem,Tier 3,9450,2022.09.21
98,3,Level 7,Crimson Flame Gem,Tier 3,9450,2022.09.21
98,4,Level 3,Azure Gem,Tier 2,4500,2022.09.21
98,5,Level 3,Farsea Gem,Tier 2,1500,2022.09.21
98,6,Level 2,Farsea Gem,Tier 2,1500,2022.09.21
98,7,Level 3,Azure Gem,Tier 2,5,2022.09.21
98,8,Level 2,Farsea Gem,Tier 2,5601,2022.09.21
98,9,Level 8,FarseaGem,Tier 2,599,2022.09.21
98,10,Level 8,Azure Gem,Tier 2,599,2022.09.21
99,1,Level 7,Azure Gem,Tier 2,220,2022.09.21
99,2,Level 7,Azure Gem,Tier 2,215,2022.09.21
99,3,Level 7,FarseaGem,Tier 2,200,2022.09.21
99,4,Level 7,FarseaGem,Tier 2,200,2022.09.21
99,5,Level 7,Azure Gem,Tier 2,199,2022.09.21
99,6,Level 7,FarseaGem,Tier 2,199,2022.09.21
99,7,Level 8,FarseaGem,Tier 2,489,2022.09.21
99,8,Level 7,Annihilation Gem,Tier 3,11900,2022.09.21
99,9,Level 6,Farsea Gem,Tier 2,100,2022.09.21
99,10,Level 6,Azure Gem,Tier 2,60,2022.09.21
100,1,Level 7,Annihilation Gem,Tier 3,9999,2022.09.21
100,2,Level 7,Annihilation Gem,Tier 3,9999,2022.09.21
100,3,Level 7,Annihilation Gem,Tier 3,9998,2022.09.21
100,4,Level 7,Crimson Flame Gem,Tier 3,10000,2022.09.21
100,5,Level 2,Azure Gem,Tier 2,2250,2022.09.21
100,6,Level 7,Annihilation Gem,Tier 3,9989,2022.09.21
100,7,Level 7,Crimson Flame Gem,Tier 3,10000,2022.09.21
100,8,Level 5,Farsea Gem,Tier 2,1400,2022.09.21
100,9,Level 2,Azure Gem,Tier 2,1400,2022.09.21
100,10,Level 2,FarseaGem,Tier 2,1400,2022.09.21
101,1,Level 3,Farsea Gem,Tier 2,1400,2022.09.21
101,2,Level 5,Azure Gem,Tier 2,1400,2022.09.21
101,3,Level 5,Azure Gem,Tier 2,1400,2022.09.21
101,4,Level 4,Farsea Gem,Tier 2,1500,2022.09.21
101,5,Level 3,Azure Gem,Tier 2,1500,2022.09.21
101,6,Level 4,Azure Gem,Tier 2,1500,2022.09.21
101,7,Level 3,Farsea Gem,Tier 2,1500,2022.09.21
101,8,Level 7,Crimson Flame Gem,Tier 3,10000,2022.09.21
101,9,Level 7,Crimson Flame Gem,Tier 3,10000,2022.09.21
101,10,Level 7,Crimson Flame Gem,Tier 3,10000,2022.09.21
102,1,Level 7,Crimson Flame Gem,Tier 3,10000,2022.09.21
102,2,Level 7,Annihilation Gem,Tier 3,9500,2022.09.21
102,3,Level 3,Azure Gem,Tier 2,22695,2022.09.21
102,4,Level 3,Azure Gem,Tier 2,15,2022.09.21
102,5,Level 4,Farsea Gem,Tier 2,400,2022.09.21
102,6,Level 3,Azure Gem,Tier 2,22100,2022.09.21
102,7,Level 7,Annihilation Gem,Tier 3,9999,2022.09.21
102,8,Level 5,Farsea Gem,Tier 2,70,2022.09.21
102,9,Level 5,Farsea Gem,Tier 2,60,2022.09.21
102,10,Level 5,Farsea Gem,Tier 2,99,2022.09.21
103,1,Level 5,Farsea Gem,Tier 2,60,2022.09.21
103,2,Level 5,Farsea Gem,Tier 2,45,2022.09.21
103,3,Level 4,Farsea Gem,Tier 2,55,2022.09.21
103,4,Level 4,Farsea Gem,Tier 2,40,2022.09.21
103,5,Level 3,Azure Gem,Tier 2,1500,2022.09.21
103,6,Level 3,Azure Gem,Tier 2,0,2022.09.21
103,7,Level 3,Azure Gem,Tier 2,20,2022.09.21
103,8,Level 3,Farsea Gem,Tier 2,1500,2022.09.21
103,9,Level 3,Azure Gem,Tier 2,1500,2022.09.21
103,10,Level 5,Farsea Gem,Tier 2,55,2022.09.21
104,1,Level 5,Farsea Gem,Tier 2,60,2022.09.21
104,2,Level 5,Farsea Gem,Tier 2,50,2022.09.21
104,3,Level 5,Farsea Gem,Tier 2,35,2022.09.21
104,4,Level 6,Azure Gem,Tier 2,300,2022.09.21
104,5,Level 5,Farsea Gem,Tier 2,49,2022.09.21
104,6,Level 5,Farsea Gem,Tier 2,50,2022.09.21
104,7,Level 3,Farsea Gem,Tier 2,10,2022.09.21
104,8,Level 6,Azure Gem,Tier 2,10,2022.09.21
104,9,Level 3,Farsea Gem,Tier 2,400,2022.09.21
104,10,Level 4,Farsea Gem,Tier 2,55,2022.09.21
105,1,Level 3,Azure Gem,Tier 2,400,2022.09.21
105,2,Level 5,Azure Gem,Tier 2,60,2022.09.21
105,3,Level 5,Azure Gem,Tier 2,60,2022.09.21
105,4,Level 5,Azure Gem,Tier 2,60,2022.09.21
105,5,Level 5,Azure Gem,Tier 2,60,2022.09.21
105,6,Level 5,Azure Gem,Tier 2,55,2022.09.21
105,7,Level 5,Azure Gem,Tier 2,55,2022.09.21
105,8,Level 5,Azure Gem,Tier 2,50,2022.09.21
105,9,Level 7,Crimson Flame Gem,Tier 3,9599,2022.09.21
105,10,Level 2,FarseaGem,Tier 2,4000,2022.09.21
106,1,Level 2,Azure Gem,Tier 2,1300,2022.09.21
106,2,Level 5,Farsea Gem,Tier 2,7,2022.09.21
106,3,Level 3,Azure Gem,Tier 2,1500,2022.09.21
106,4,Level 3,Farsea Gem,Tier 2,1500,2022.09.21
106,5,Level 7,Annihilation Gem,Tier 3,10998,2022.09.21
106,6,Level 3,Farsea Gem,Tier 2,1600,2022.09.21
106,7,Level 3,Farsea Gem,Tier 2,1600,2022.09.21
106,8,Level 3,Azure Gem,Tier 2,1600,2022.09.21
106,9,Level 4,Azure Gem,Tier 2,90,2022.09.21
106,10,Level 4,Azure Gem,Tier 2,1500,2022.09.21
107,1,Level 3,Azure Gem,Tier 2,20,2022.09.21
107,2,Level 6,Farsea Gem,Tier 2,155,2022.09.21
107,3,Level 6,Farsea Gem,Tier 2,135,2022.09.21
107,4,Level 3,Farsea Gem,Tier 2,21482,2022.09.21
107,5,Level 3,Azure Gem,Tier 2,-,2022.09.21
107,6,Level 3,Azure Gem,Tier 2,3,2022.09.21
107,7,Level 9,Crimson Flame Gem,Tier 3,87800,2022.09.21
107,8,Level 5,Azure Gem,Tier 2,44,2022.09.21
107,9,Level 8,Annihilation Gem,Tier 3,29499,2022.09.21
107,10,Level 7,Crimson Flame Gem,Tier 3,9989,2022.09.21
108,1,Level 7,Crimson Flame Gem,Tier 3,9599,2022.09.21
108,2,Level 7,Crimson Flame Gem,Tier 3,9500,2022.09.21
108,3,Level 5,Farsea Gem,Tier 2,35,2022.09.21
108,4,Level 3,Farsea Gem,Tier 2,1,2022.09.21
108,5,Level 3,Farsea Gem,Tier 2,5,2022.09.21
108,6,Level 6,Azure Gem,Tier 2,110,2022.09.21
108,7,Level 2,Farsea Gem,Tier 2,1300,2022.09.21
108,8,Level 5,Azure Gem,Tier 2,10,2022.09.21
108,9,Level 5,Azure Gem,Tier 2,30,2022.09.21
108,10,Level 5,Azure Gem,Tier 2,30,2022.09.21
109,1,Level 5,Farsea Gem,Tier 2,10,2022.09.21
109,2,Level 5,Farsea Gem,Tier 2,30,2022.09.21
109,3,Level 5,Farsea Gem,Tier 2,30,2022.09.21
109,4,Level 5,Farsea Gem,Tier 2,30,2022.09.21
109,5,Level 5,Farsea Gem,Tier 2,30,2022.09.21
109,6,Level 7,Annihilation Gem,Tier 3,9000,2022.09.21
109,7,Level 7,Annihilation Gem,Tier 3,9000,2022.09.21
109,8,Level 2,Azure Gem,Tier 2,1500,2022.09.21
109,9,Level 2,Azure Gem,Tier 2,1500,2022.09.21
109,10,Level 3,Farsea Gem,Tier 2,1500,2022.09.21
110,1,Level 3,Farsea Gem,Tier 2,1500,2022.09.21
110,2,Level 3,Farsea Gem,Tier 2,19907,2022.09.21
110,3,Level 3,Azure Gem,Tier 2,15,2022.09.21
110,4,Level 3,Azure Gem,Tier 2,15,2022.09.21
110,5,Level 3,Farsea Gem,Tier 2,10,2022.09.21
110,6,Level 3,Farsea Gem,Tier 2,10,2022.09.21
110,7,Level 4,Azure Gem,Tier 2,1500,2022.09.21
110,8,Level 3,Farsea Gem,Tier 2,1500,2022.09.21
110,9,Level 4,Farsea Gem,Tier 2,1500,2022.09.21
110,10,Level 7,Crimson Flame Gem,Tier 3,9599,2022.09.21
111,1,Level 4,Azure Gem,Tier 2,1500,2022.09.21
111,2,Level 4,Azure Gem,Tier 2,10,2022.09.21
111,3,Level 4,Farsea Gem,Tier 2,10,2022.09.21
111,4,Level 4,Azure Gem,Tier 2,2,2022.09.21
111,5,Level 5,Azure Gem,Tier 2,50,2022.09.21
111,6,Level 2,Farsea Gem,Tier 2,1300,2022.09.21
111,7,Level 2,Azure Gem,Tier 2,1300,2022.09.21
111,8,Level 2,Azure Gem,Tier 2,1300,2022.09.21
111,9,Level 2,Farsea Gem,Tier 2,1300,2022.09.21
111,10,Level 3,Farsea Gem,Tier 2,2,2022.09.21
112,1,Level 6,Azure Gem,Tier 2,16,2022.09.21
112,2,Level 6,Farsea Gem,Tier 2,16,2022.09.21
112,3,Level 2,Farsea Gem,Tier 2,1300,2022.09.21
112,4,Level 2,Farsea Gem,Tier 2,1300,2022.09.21
112,5,Level 7,Annihilation Gem,Tier 3,9700,2022.09.21
112,6,Level 2,Azure Gem,Tier 2,1300,2022.09.21
112,7,Level 4,Azure Gem,Tier 2,4500,2022.09.21
112,8,Level 7,Annihilation Gem,Tier 3,10180,2022.09.21
112,9,Level 5,Azure Gem,Tier 2,1500,2022.09.21
112,10,Level 3,Farsea Gem,Tier 2,1,2022.09.21
113,1,Level 3,Farsea Gem,Tier 2,7999,2022.09.21
113,2,Level 4,Azure Gem,Tier 2,40,2022.09.21
113,3,Level 2,Azure Gem,Tier 2,1500,2022.09.21
113,4,Level 4,Azure Gem,Tier 2,1500,2022.09.21
113,5,Level 5,Farsea Gem,Tier 2,123,2022.09.21
113,6,Level 3,Farsea Gem,Tier 2,6372,2022.09.21
113,7,Level 2,Azure Gem,Tier 2,400,2022.09.21
113,8,Level 2,Azure Gem,Tier 2,70,2022.09.21
113,9,Level 3,Farsea Gem,Tier 2,1500,2022.09.21
113,10,Level 3,Farsea Gem,Tier 2,400,2022.09.21
114,1,Level 2,Farsea Gem,Tier 2,1000,2022.09.21
114,2,Level 2,Farsea Gem,Tier 2,400,2022.09.21
114,3,Level 2,Farsea Gem,Tier 2,400,2022.09.21
114,4,Level 3,Farsea Gem,Tier 2,11469,2022.09.21
114,5,Level 4,Farsea Gem,Tier 2,23290,2022.09.21
114,6,Level 7,Annihilation Gem,Tier 3,9799,2022.09.21
114,7,Level 2,Farsea Gem,Tier 2,2666,2022.09.21
114,8,Level 3,Farsea Gem,Tier 2,16844,2022.09.21
114,9,Level 4,Farsea Gem,Tier 2,5000,2022.09.21
114,10,Level 4,Farsea Gem,Tier 2,0,2022.09.21
115,1,Level 7,Azure Gem,Tier 2,199,2022.09.21
115,2,Level 2,Azure Gem,Tier 2,8000,2022.09.21
115,3,Level 2,Farsea Gem,Tier 2,2666,2022.09.21
115,4,Level 3,Farsea Gem,Tier 2,19193,2022.09.21
115,5,Level 2,Azure Gem,Tier 2,4500,2022.09.21
115,6,Level 7,Annihilation Gem,Tier 3,9799,2022.09.21
115,7,Level 7,Annihilation Gem,Tier 3,9500,2022.09.21
115,8,Level 7,Annihilation Gem,Tier 3,9499,2022.09.21
115,9,Level 7,Annihilation Gem,Tier 3,9450,2022.09.21
115,10,Level 9,Crimson Flame Gem,Tier 3,79999,2022.09.21
116,1,Level 3,Farsea Gem,Tier 2,350,2022.09.21
116,2,Level 2,Farsea Gem,Tier 2,1400,2022.09.21
116,3,Level 4,Azure Gem,Tier 2,250,2022.09.21
116,4,Level 4,Farsea Gem,Tier 2,250,2022.09.21
116,5,Level 2,Farsea Gem,Tier 2,7900,2022.09.21
116,6,Level 2,Farsea Gem,Tier 2,-,2022.09.21
116,7,Level 2,Farsea Gem,Tier 2,500,2022.09.21
116,8,Level 5,Farsea Gem,Tier 2,30000,2022.09.21
116,9,Level 3,Farsea Gem,Tier 2,1500,2022.09.21
116,10,Level 5,Azure Gem,Tier 2,5000,2022.09.21
117,1,Level 3,Farsea Gem,Tier 2,100055,2022.09.21
117,2,Level 5,Azure Gem,Tier 2,0,2022.09.21
117,3,Level 2,Farsea Gem,Tier 2,1500,2022.09.21
117,4,Level 3,Farsea Gem,Tier 2,10,2022.09.21
117,5,Level 3,Farsea Gem,Tier 2,10,2022.09.21
117,6,Level 3,Farsea Gem,Tier 2,20307,2022.09.21
117,7,Level 4,Farsea Gem,Tier 2,5000,2022.09.21
117,8,Level 3,Farsea Gem,Tier 2,5000,2022.09.21
117,9,Level 2,FarseaGem,Tier 2,1500,2022.09.21
117,10,Level 3,Farsea Gem,Tier 2,19860,2022.09.21
118,1,Level 3,Farsea Gem,Tier 2,10996,2022.09.21
118,2,Level 3,Farsea Gem,Tier 2,1500,2022.09.21
118,3,Level 2,Azure Gem,Tier 2,1400,2022.09.21
118,4,Level 2,Azure Gem,Tier 2,3,2022.09.21
118,5,Level 10,Level 10 Crimson Flame Gem,Tier 3,135000,2022.09.21
118,6,Level 5,Azure Gem,Tier 2,1500,2022.09.21
118,7,Level 4,Farsea Gem,Tier 2,20,2022.09.21
118,8,Level 4,Azure Gem,Tier 2,15,2022.09.21
118,9,Level 4,Azure Gem,Tier 2,15,2022.09.21
118,10,Level 5,Azure Gem,Tier 2,55,2022.09.21
119,1,Level 2,Azure Gem,Tier 2,1400,2022.09.21
119,2,Level 4,Farsea Gem,Tier 2,0,2022.09.21
119,3,Level 4,Farsea Gem,Tier 2,20,2022.09.21
119,4,Level 4,Farsea Gem,Tier 2,17,2022.09.21
119,5,Level 4,Farsea Gem,Tier 2,17,2022.09.21
119,6,Level 4,Azure Gem,Tier 2,0,2022.09.21
119,7,Level 4,Azure Gem,Tier 2,20,2022.09.21
119,8,Level 4,Azure Gem,Tier 2,0,2022.09.21
119,9,Level 4,Azure Gem,Tier 2,20,2022.09.21
119,10,Level 5,Farsea Gem,Tier 2,2000,2022.09.21
120,1,Level 2,Azure Gem,Tier 2,350,2022.09.21
120,2,Level 2,Azure Gem,Tier 2,350,2022.09.21
120,3,Level 2,Azure Gem,Tier 2,8000,2022.09.21
120,4,Level 2,Azure Gem,Tier 2,350,2022.09.21
120,5,Level 2,Azure Gem,Tier 2,3,2022.09.21
120,6,Level 2,Azure Gem,Tier 2,3,2022.09.21
120,7,Level 2,Azure Gem,Tier 2,3,2022.09.21
120,8,Level 2,Azure Gem,Tier 2,1500,2022.09.21
120,9,Level 2,Azure Gem,Tier 2,1500,2022.09.21
120,10,Level 2,Azure Gem,Tier 2,1399,2022.09.21
121,1,Level 4,Farsea Gem,Tier 2,1500,2022.09.21
121,2,Level 4,Azure Gem,Tier 2,1500,2022.09.21
121,3,Level 5,Azure Gem,Tier 2,50,2022.09.21
121,4,Level 5,Farsea Gem,Tier 2,1,2022.09.21
121,5,Level 5,Farsea Gem,Tier 2,16140,2022.09.21
121,6,Level 5,Farsea Gem,Tier 2,1,2022.09.21
121,7,Level 5,Farsea Gem,Tier 2,16210,2022.09.21
121,8,Level 7,Azure Gem,Tier 2,215,2022.09.21
121,9,Level 4,Farsea Gem,Tier 2,25,2022.09.21
121,10,Level 4,Azure Gem,Tier 2,25,2022.09.21
122,1,Level 4,Farsea Gem,Tier 2,25,2022.09.21
122,2,Level 5,Farsea Gem,Tier 2,35,2022.09.21
122,3,Level 4,Farsea Gem,Tier 2,25,2022.09.21
122,4,Level 5,Farsea Gem,Tier 2,1,2022.09.21
122,5,Level 5,Farsea Gem,Tier 2,15290,2022.09.21
122,6,Level 5,Farsea Gem,Tier 2,1,2022.09.21
122,7,Level 5,Farsea Gem,Tier 2,15500,2022.09.21
122,8,Level 4,Azure Gem,Tier 2,40002,2022.09.21
122,9,Level 7,Azure Gem,Tier 2,200011,2022.09.21
122,10,Level 7,Azure Gem,Tier 2,200,2022.09.21
123,1,Level 8,Annihilation Gem,Tier 3,28875,2022.09.21
123,2,Level 8,Annihilation Gem,Tier 3,27000,2022.09.21
123,3,Level 6,Azure Gem,Tier 2,129,2022.09.21
123,4,Level 6,Azure Gem,Tier 2,60,2022.09.21
123,5,Level 6,Azure Gem,Tier 2,60,2022.09.21
123,6,Level 9,Crimson Flame Gem,Tier 3,89500,2022.09.21
123,7,Level 9,Crimson Flame Gem,Tier 3,85000,2022.09.21
123,8,Level 8,Azure Gem,Tier 2,555,2022.09.20
123,9,Level 8,Azure Gem,Tier 2,490,2022.09.20
123,10,Level 6,Azure Gem,Tier 2,250,2022.09.20
124,1,Level 8,Annihilation Gem,Tier 3,27400,2022.09.20
124,2,Level 6,Azure Gem,Tier 2,60,2022.09.20
124,3,Level 6,Azure Gem,Tier 2,50,2022.09.20
124,4,Level 8,Crimson Flame Gem,Tier 3,38000,2022.09.20
124,5,Level 7,Farsea Gem,Tier 2,210,2022.09.20
124,6,Level 7,FarseaGem,Tier 2,200,2022.09.20
124,7,Level 8,Azure Gem,Tier 2,800,2022.09.20
124,8,Level 9,Annihilation Gem,Tier 3,105999,2022.09.20
124,9,Level 8,Annihilation Gem,Tier 3,29998,2022.09.20
124,10,Level 8,Annihilation Gem,Tier 3,29998,2022.09.20
125,1,Level 8,Annihilation Gem,Tier 3,29950,2022.09.20
125,2,Level 8,Azure Gem,Tier 2,1200,2022.09.20
125,3,Level 8,Annihilation Gem,Tier 3,29950,2022.09.20
125,4,Level 6,Azure Gem,Tier 2,50,2022.09.20
125,5,Level 8,Farsea Gem,Tier 2,190,2022.09.20
125,6,Level 8,Crimson Flame Gem,Tier 3,30000,2022.09.20
125,7,Level 8,Crimson Flame Gem,Tier 3,29999,2022.09.19
125,8,Level 7,Farsea Gem,Tier 2,2500,2022.09.19
125,9,Level 9,Annihilation Gem,Tier 3,120000,2022.09.19
125,10,Level 6,Azure Gem,Tier 2,18,2022.09.19
126,1,Level 6,Azure Gem,Tier 2,18,2022.09.19
126,2,Level 8,Crimson Flame Gem,Tier 3,27000,2022.09.19
126,3,Level 8,Crimson Flame Gem,Tier 3,27000,2022.09.19
126,4,Level 10,Level 10 Crimson Flame Gem,Tier 3,130000,2022.09.19
126,5,Level 6,Azure Gem,Tier 2,20,2022.09.19
126,6,Level 5,Azure Gem,Tier 2,4,2022.09.19
126,7,Level 6,Farsea Gem,Tier 2,17,2022.09.19
126,8,Level 8,Azure Gem,Tier 2,400,2022.09.19
126,9,Level 8,Farsea Gem,Tier 2,400,2022.09.19
126,10,Level 7,FarseaGem,Tier 2,200,2022.09.19
127,1,Level 7,Azure Gem,Tier 2,191,2022.09.19
127,2,Level 8,Annihilation Gem,Tier 3,30900,2022.09.19
127,3,Level 9,Crimson Flame Gem,Tier 3,88000,2022.09.19
127,4,Level 9,Crimson Flame Gem,Tier 3,88799,2022.09.19
127,5,Level 8,Annihilation Gem,Tier 3,30000,2022.09.19
127,6,Level 9,Crimson Flame Gem,Tier 3,88500,2022.09.19
127,7,Level 8,Crimson Flame Gem,Tier 3,29500,2022.09.19
127,8,Level 4,Farsea Gem,Tier 2,10,2022.09.19
127,9,Level 5,Azure Gem,Tier 2,10,2022.09.19
127,10,Level 5,Azure Gem,Tier 2,10,2022.09.19
128,1,Level 7,Farsea Gem,Tier 2,225,2022.09.19
128,2,Level 4,Azure Gem,Tier 2,10,2022.09.19
128,3,Level 9,Crimson Flame Gem,Tier 3,75245,2022.09.19
128,4,Level 7,Azure Gem,Tier 2,100,2022.09.19
128,5,Level 6,Farsea Gem,Tier 2,200,2022.09.19
128,6,Level 7,Azure Gem,Tier 2,500034,2022.09.19
128,7,Level 7,Azure Gem,Tier 2,200,2022.09.19
128,8,Level 6,Farsea Gem,Tier 2,100,2022.09.19
128,9,Level 5,Azure Gem,Tier 2,10,2022.09.19
128,10,Level 10,Level 10 Annihilation Gem,Tier 3,450000,2022.09.19
129,1,Level 7,Azure Gem,Tier 2,220000,2022.09.19
129,2,Level 7,Azure Gem,Tier 2,220000,2022.09.19
129,3,Level 7,Azure Gem,Tier 2,250,2022.09.19
129,4,Level 7,Azure Gem,Tier 2,250,2022.09.19
129,5,Level 8,Azure Gem,Tier 2,210,2022.09.19
129,6,Level 5,Azure Gem,Tier 2,7,2022.09.19
129,7,Level 8,Annihilation Gem,Tier 3,31999,2022.09.19
129,8,Level 4,Farsea Gem,Tier 2,7,2022.09.19
129,9,Level 4,Azure Gem,Tier 2,7,2022.09.19
129,10,Level 6,Azure Gem,Tier 2,85,2022.09.19
130,1,Level 6,Farsea Gem,Tier 2,50,2022.09.19
130,2,Level 8,FarseaGem,Tier 2,400,2022.09.19
130,3,Level 4,Azure Gem,Tier 2,10,2022.09.19
130,4,Level 7,Azure Gem,Tier 2,400,2022.09.19
130,5,Level 7,Azure Gem,Tier 2,280001,2022.09.19
130,6,Level 7,Azure Gem,Tier 2,300,2022.09.19
130,7,Level 7,Azure Gem,Tier 2,300,2022.09.19
130,8,Level 7,Azure Gem,Tier 2,300,2022.09.19
130,9,Level 8,Azure Gem,Tier 2,400,2022.09.19
130,10,Level 7,FarseaGem,Tier 2,150,2022.09.19
131,1,Level 7,Azure Gem,Tier 2,150,2022.09.19
131,2,Level 6,Farsea Gem,Tier 2,17,2022.09.19
131,3,Level 7,Azure Gem,Tier 2,100035,2022.09.19
131,4,Level 7,Azure Gem,Tier 2,280,2022.09.19
131,5,Level 7,Farsea Gem,Tier 2,280,2022.09.19
131,6,Level 8,Crimson Flame Gem,Tier 3,30000,2022.09.19
131,7,Level 4,Farsea Gem,Tier 2,7,2022.09.19
131,8,Level 6,Farsea Gem,Tier 2,70021,2022.09.19
131,9,Level 6,Farsea Gem,Tier 2,110031,2022.09.19
131,10,Level 6,Azure Gem,Tier 2,250,2022.09.19
132,1,Level 10,Level 10 Crimson Flame Gem,Tier 3,127338,2022.09.19
132,2,Level 8,Annihilation Gem,Tier 3,29400,2022.09.19
132,3,Level 4,Azure Gem,Tier 2,50000,2022.09.19
132,4,Level 6,Farsea Gem,Tier 2,100000,2022.09.19
132,5,Level 6,Farsea Gem,Tier 2,80,2022.09.19
132,6,Level 8,Crimson Flame Gem,Tier 3,30000,2022.09.19
132,7,Level 8,Crimson Flame Gem,Tier 3,30000,2022.09.19
132,8,Level 9,Annihilation Gem,Tier 3,105000,2022.09.19
132,9,Level 6,Farsea Gem,Tier 2,15,2022.09.19
132,10,Level 5,Azure Gem,Tier 2,80077,2022.09.19
133,1,Level 4,Farsea Gem,Tier 2,4204,2022.09.19
133,2,Level 4,Farsea Gem,Tier 2,8739,2022.09.19
133,3,Level 4,Farsea Gem,Tier 2,10,2022.09.19
133,4,Level 8,Azure Gem,Tier 2,500,2022.09.19
133,5,Level 7,Azure Gem,Tier 2,300,2022.09.19
133,6,Level 4,Farsea Gem,Tier 2,10,2022.09.19
133,7,Level 6,Farsea Gem,Tier 2,69,2022.09.19
133,8,Level 6,Farsea Gem,Tier 2,50,2022.09.19
133,9,Level 4,Farsea Gem,Tier 2,4000,2022.09.18
133,10,Level 4,Farsea Gem,Tier 2,1250,2022.09.18
134,1,Level 4,Farsea Gem,Tier 2,4000,2022.09.18
134,2,Level 4,Farsea Gem,Tier 2,4000,2022.09.18
134,3,Level 4,Azure Gem,Tier 2,4000,2022.09.18
134,4,Level 4,Azure Gem,Tier 2,5500,2022.09.18
134,5,Level 4,Azure Gem,Tier 2,20,2022.09.18
134,6,Level 4,Azure Gem,Tier 2,5000,2022.09.18
134,7,Level 4,Azure Gem,Tier 2,6000,2022.09.18
134,8,Level 6,Farsea Gem,Tier 2,25,2022.09.18
134,9,Level 6,Farsea Gem,Tier 2,26,2022.09.18
134,10,Level 6,Farsea Gem,Tier 2,19,2022.09.18
135,1,Level 6,Farsea Gem,Tier 2,19,2022.09.18
135,2,Level 6,Farsea Gem,Tier 2,19,2022.09.18
135,3,Level 4,Farsea Gem,Tier 2,4000,2022.09.18
135,4,Level 4,Farsea Gem,Tier 2,10,2022.09.18
135,5,Level 5,Azure Gem,Tier 2,10,2022.09.18
135,6,Level 5,Azure Gem,Tier 2,10,2022.09.18
135,7,Level 6,Azure Gem,Tier 2,10,2022.09.18
135,8,Level 4,Azure Gem,Tier 2,1,2022.09.18
135,9,Level 4,Azure Gem,Tier 2,1,2022.09.18
135,10,Level 5,Azure Gem,Tier 2,1500,2022.09.18
136,1,Level 8,Crimson Flame Gem,Tier 3,30000,2022.09.18
136,2,Level 8,Annihilation Gem,Tier 3,34000,2022.09.18
136,3,Level 8,Annihilation Gem,Tier 3,31000,2022.09.18
136,4,Level 6,Azure Gem,Tier 2,50,2022.09.18
136,5,Level 8,Annihilation Gem,Tier 3,28999,2022.09.18
136,6,Level 8,Annihilation Gem,Tier 3,26900,2022.09.18
136,7,Level 6,Farsea Gem,Tier 2,6500,2022.09.18
136,8,Level 8,Crimson Flame Gem,Tier 3,31000,2022.09.18
136,9,Level 6,Azure Gem,Tier 2,50,2022.09.18
136,10,Level 7,FarseaGem,Tier 2,500,2022.09.18
137,1,Level 8,Crimson Flame Gem,Tier 3,31000,2022.09.18
137,2,Level 8,Annihilation Gem,Tier 3,30000,2022.09.18
137,3,Level 8,Crimson Flame Gem,Tier 3,30000,2022.09.18
137,4,Level 4,Azure Gem,Tier 2,15,2022.09.18
137,5,Level 8,Crimson Flame Gem,Tier 3,30000,2022.09.18
137,6,Level 7,FarseaGem,Tier 2,888,2022.09.18
137,7,Level 4,Azure Gem,Tier 2,1,2022.09.18
137,8,Level 8,Crimson Flame Gem,Tier 3,29999,2022.09.18
137,9,Level 8,Crimson Flame Gem,Tier 3,30000,2022.09.18
137,10,Level 6,Azure Gem,Tier 2,50,2022.09.18
138,1,Level 6,Farsea Gem,Tier 2,50,2022.09.18
138,2,Level 6,Azure Gem,Tier 2,50,2022.09.18
138,3,Level 6,Farsea Gem,Tier 2,50,2022.09.18
138,4,Level 7,Azure Gem,Tier 2,100,2022.09.18
138,5,Level 7,Azure Gem,Tier 2,5,2022.09.18
138,6,Level 4,Azure Gem,Tier 2,1200,2022.09.18
138,7,Level 5,Azure Gem,Tier 2,1200,2022.09.18
138,8,Level 4,Azure Gem,Tier 2,1400,2022.09.18
138,9,Level 4,Azure Gem,Tier 2,10,2022.09.18
138,10,Level 8,Crimson Flame Gem,Tier 3,30000,2022.09.18
139,1,Level 7,Azure Gem,Tier 2,100021,2022.09.18
139,2,Level 7,Farsea Gem,Tier 2,100022,2022.09.18
139,3,Level 7,Farsea Gem,Tier 2,100023,2022.09.18
139,4,Level 7,FarseaGem,Tier 2,500,2022.09.18
139,5,Level 7,Farsea Gem,Tier 2,260,2022.09.18
139,6,Level 7,FarseaGem,Tier 2,200,2022.09.18
139,7,Level 4,Azure Gem,Tier 2,1501,2022.09.18
139,8,Level 7,Azure Gem,Tier 2,280,2022.09.18
139,9,Level 9,Crimson Flame Gem,Tier 3,88000,2022.09.18
139,10,Level 10,Level 10 Crimson Flame Gem,Tier 3,150000,2022.09.18
140,1,Level 6,Farsea Gem,Tier 2,1500,2022.09.18
140,2,Level 7,Azure Gem,Tier 2,200,2022.09.18
140,3,Level 7,FarseaGem,Tier 2,200,2022.09.18
140,4,Level 7,FarseaGem,Tier 2,200,2022.09.18
140,5,Level 7,Azure Gem,Tier 2,200,2022.09.18
140,6,Level 7,Azure Gem,Tier 2,200,2022.09.18
140,7,Level 7,FarseaGem,Tier 2,199,2022.09.18
140,8,Level 7,Azure Gem,Tier 2,155,2022.09.18
140,9,Level 7,Azure Gem,Tier 2,150,2022.09.18
140,10,Level 8,Crimson Flame Gem,Tier 3,30000,2022.09.18
141,1,Level 6,Azure Gem,Tier 2,70,2022.09.18
141,2,Level 6,Azure Gem,Tier 2,50,2022.09.18
141,3,Level 6,Farsea Gem,Tier 2,40,2022.09.18
141,4,Level 6,Azure Gem,Tier 2,6,2022.09.18
141,5,Level 8,Azure Gem,Tier 2,350,2022.09.18
141,6,Level 7,FarseaGem,Tier 2,99,2022.09.18
141,7,Level 7,Azure Gem,Tier 2,99,2022.09.18
141,8,Level 8,Annihilation Gem,Tier 3,30000,2022.09.18
141,9,Level 8,Annihilation Gem,Tier 3,30000,2022.09.18
141,10,Level 7,FarseaGem,Tier 2,110,2022.09.18
142,1,Level 6,Azure Gem,Tier 2,80,2022.09.18
142,2,Level 10,Level 10 Azure Gem,Tier 2,5500,2022.09.18
142,3,Level 6,Farsea Gem,Tier 2,6000,2022.09.18
142,4,Level 8,Crimson Flame Gem,Tier 3,30000,2022.09.18
142,5,Level 8,Crimson Flame Gem,Tier 3,29999,2022.09.18
142,6,Level 8,Annihilation Gem,Tier 3,29999,2022.09.18
142,7,Level 9,Annihilation Gem,Tier 3,110000,2022.09.18
142,8,Level 7,FarseaGem,Tier 2,100000,2022.09.18
142,9,Level 6,Azure Gem,Tier 2,100000,2022.09.18
142,10,Level 8,Crimson Flame Gem,Tier 3,29500,2022.09.18
143,1,Level 8,Crimson Flame Gem,Tier 3,29500,2022.09.18
143,2,Level 9,Crimson Flame Gem,Tier 3,90000,2022.09.18
143,3,Level 9,Crimson Flame Gem,Tier 3,89000,2022.09.18
143,4,Level 9,Annihilation Gem,Tier 3,110000,2022.09.18
143,5,Level 9,Annihilation Gem,Tier 3,110000,2022.09.18
143,6,Level 9,Azure Gem,Tier 2,1500,2022.09.18
143,7,Level 6,Azure Gem,Tier 2,80000,2022.09.18
143,8,Level 8,Azure Gem,Tier 2,150,2022.09.17
143,9,Level 8,Azure Gem,Tier 2,150,2022.09.17
143,10,Level 7,FarseaGem,Tier 2,199,2022.09.17
144,1,Level 9,Crimson Flame Gem,Tier 3,84000,2022.09.17
144,2,Level 9,Crimson Flame Gem,Tier 3,82000,2022.09.17
144,3,Level 7,Farsea Gem,Tier 2,50,2022.09.17
144,4,Level 6,Azure Gem,Tier 2,16,2022.09.17
144,5,Level 8,Crimson Flame Gem,Tier 3,29500,2022.09.17
144,6,Level 7,FarseaGem,Tier 2,17720,2022.09.17
144,7,Level 6,Azure Gem,Tier 2,17240,2022.09.17
144,8,Level 8,Crimson Flame Gem,Tier 3,29000,2022.09.17
144,9,Level 8,Crimson Flame Gem,Tier 3,28999,2022.09.17
144,10,Level 8,Annihilation Gem,Tier 3,28000,2022.09.17
145,1,Level 8,Crimson Flame Gem,Tier 3,27999,2022.09.17
145,2,Level 7,Farsea Gem,Tier 2,17480,2022.09.17
145,3,Level 7,Farsea Gem,Tier 2,320,2022.09.17
145,4,Level 7,FarseaGem,Tier 2,300,2022.09.17
145,5,Level 8,Crimson Flame Gem,Tier 3,27000,2022.09.17
145,6,Level 8,Annihilation Gem,Tier 3,30000,2022.09.17
145,7,Level 6,Farsea Gem,Tier 2,11,2022.09.17
145,8,Level 6,Farsea Gem,Tier 2,17200,2022.09.17
145,9,Level 6,Azure Gem,Tier 2,100,2022.09.17
145,10,Level 6,Farsea Gem,Tier 2,100,2022.09.17
146,1,Level 6,Azure Gem,Tier 2,15420,2022.09.17
146,2,Level 9,Annihilation Gem,Tier 3,94999,2022.09.17
146,3,Level 6,Azure Gem,Tier 2,80,2022.09.17
146,4,Level 8,Crimson Flame Gem,Tier 3,28000,2022.09.17
146,5,Level 6,Farsea Gem,Tier 2,50035,2022.09.17
146,6,Level 9,Annihilation Gem,Tier 3,94000,2022.09.17
146,7,Level 6,Azure Gem,Tier 2,600,2022.09.17
146,8,Level 9,Annihilation Gem,Tier 3,95000,2022.09.17
146,9,Level 6,Farsea Gem,Tier 2,1400,2022.09.17
146,10,Level 9,Farsea Gem,Tier 2,1190,2022.09.17
147,1,Level 7,Farsea Gem,Tier 2,200,2022.09.17
147,2,Level 7,Azure Gem,Tier 2,195,2022.09.17
147,3,Level 7,Azure Gem,Tier 2,190,2022.09.17
147,4,Level 6,Azure Gem,Tier 2,60,2022.09.17
147,5,Level 6,Azure Gem,Tier 2,50000,2022.09.17
147,6,Level 6,Azure Gem,Tier 2,100,2022.09.17
147,7,Level 6,Farsea Gem,Tier 2,1300,2022.09.17
147,8,Level 6,Azure Gem,Tier 2,100013,2022.09.17
147,9,Level 6,Azure Gem,Tier 2,100026,2022.09.17
147,10,Level 6,Farsea Gem,Tier 2,50,2022.09.17
148,1,Level 8,Annihilation Gem,Tier 3,29998,2022.09.17
148,2,Level 8,Crimson Flame Gem,Tier 3,28999,2022.09.17
148,3,Level 6,Azure Gem,Tier 2,60,2022.09.17
148,4,Level 6,Azure Gem,Tier 2,60,2022.09.17
148,5,Level 8,Crimson Flame Gem,Tier 3,26999,2022.09.17
148,6,Level 10,Level 10 Crimson Flame Gem,Tier 3,130000,2022.09.17
148,7,Level 8,Annihilation Gem,Tier 3,10000,2022.09.17
148,8,Level 7,FarseaGem,Tier 2,190,2022.09.17
148,9,Level 7,Farsea Gem,Tier 2,150,2022.09.17
148,10,Level 9,Annihilation Gem,Tier 3,11990,2022.09.17
149,1,Level 6,Azure Gem,Tier 2,105,2022.09.17
149,2,Level 4,Azure Gem,Tier 2,16,2022.09.17
149,3,Level 6,Farsea Gem,Tier 2,20775,2022.09.17
149,4,Level 8,Annihilation Gem,Tier 3,28999,2022.09.17
149,5,Level 8,Crimson Flame Gem,Tier 3,28900,2022.09.17
149,6,Level 6,Farsea Gem,Tier 2,60,2022.09.17
149,7,Level 9,Crimson Flame Gem,Tier 3,83000,2022.09.17
149,8,Level 6,Farsea Gem,Tier 2,40,2022.09.17
149,9,Level 4,Azure Gem,Tier 2,12,2022.09.16
149,10,Level 4,Azure Gem,Tier 2,12,2022.09.16
150,1,Level 4,Farsea Gem,Tier 2,12,2022.09.16
150,2,Level 8,Azure Gem,Tier 2,100000,2022.09.16
150,3,Level 7,Farsea Gem,Tier 2,650,2022.09.16
150,4,Level 7,FarseaGem,Tier 2,600,2022.09.16
150,5,Level 5,Azure Gem,Tier 2,160,2022.09.16
150,6,Level 8,Annihilation Gem,Tier 3,27500,2022.09.16
150,7,Level 8,Annihilation Gem,Tier 3,27500,2022.09.16
150,8,Level 6,Farsea Gem,Tier 2,11,2022.09.16
150,9,Level 6,Azure Gem,Tier 2,10,2022.09.16
150,10,Level 4,Farsea Gem,Tier 2,1500,2022.09.16
151,1,Level 8,Crimson Flame Gem,Tier 3,29000,2022.09.16
151,2,Level 8,Crimson Flame Gem,Tier 3,27000,2022.09.16
151,3,Level 6,Azure Gem,Tier 2,80000,2022.09.16
151,4,Level 8,Annihilation Gem,Tier 3,31000,2022.09.16
151,5,Level 6,Farsea Gem,Tier 2,50000,2022.09.16
151,6,Level 8,Annihilation Gem,Tier 3,28000,2022.09.16
151,7,Level 7,Farsea Gem,Tier 2,4500,2022.09.16
151,8,Level 7,Farsea Gem,Tier 2,20,2022.09.16
151,9,Level 4,Azure Gem,Tier 2,25,2022.09.16
151,10,Level 8,Annihilation Gem,Tier 3,28000,2022.09.16
152,1,Level 8,Crimson Flame Gem,Tier 3,27500,2022.09.16
152,2,Level 5,Azure Gem,Tier 2,40,2022.09.16
152,3,Level 9,Farsea Gem,Tier 2,800,2022.09.16
152,4,Level 8,FarseaGem,Tier 2,100003,2022.09.16
152,5,Level 8,Crimson Flame Gem,Tier 3,30000,2022.09.16
152,6,Level 10,Level 10 Farsea Gem,Tier 2,420024,2022.09.16
152,7,Level 10,Level 10 Farsea Gem,Tier 2,1999,2022.09.16
152,8,Level 9,Annihilation Gem,Tier 3,110000,2022.09.16
152,9,Level 6,Azure Gem,Tier 2,100,2022.09.16
152,10,Level 8,Annihilation Gem,Tier 3,29000,2022.09.16
153,1,Level 6,Azure Gem,Tier 2,50,2022.09.16
153,2,Level 8,Azure Gem,Tier 2,300,2022.09.16
153,3,Level 8,Farsea Gem,Tier 2,260,2022.09.16
153,4,Level 7,FarseaGem,Tier 2,114,2022.09.16
153,5,Level 7,Farsea Gem,Tier 2,50,2022.09.16
153,6,Level 8,Annihilation Gem,Tier 3,28000,2022.09.16
153,7,Level 8,Farsea Gem,Tier 2,300,2022.09.16
153,8,Level 7,FarseaGem,Tier 2,290,2022.09.16
153,9,Level 7,Farsea Gem,Tier 2,249,2022.09.16
153,10,Level 8,Crimson Flame Gem,Tier 3,25000,2022.09.16
154,1,Level 8,Crimson Flame Gem,Tier 3,28999,2022.09.16
154,2,Level 8,Annihilation Gem,Tier 3,28500,2022.09.15
154,3,Level 7,Azure Gem,Tier 2,150,2022.09.15
154,4,Level 8,Crimson Flame Gem,Tier 3,29999,2022.09.15
154,5,Level 8,Annihilation Gem,Tier 3,27000,2022.09.15
154,6,Level 8,Annihilation Gem,Tier 3,29150,2022.09.15
154,7,Level 7,Farsea Gem,Tier 2,80,2022.09.15
154,8,Level 7,Farsea Gem,Tier 2,80,2022.09.15
154,9,Level 6,Farsea Gem,Tier 2,237,2022.09.15
154,10,Level 8,FarseaGem,Tier 2,300,2022.09.15
155,1,Level 8,Farsea Gem,Tier 2,126,2022.09.15
155,2,Level 8,Annihilation Gem,Tier 3,27499,2022.09.15
155,3,Level 9,Annihilation Gem,Tier 3,99999,2022.09.15
155,4,Level 6,Farsea Gem,Tier 2,2,2022.09.15
155,5,Level 6,Azure Gem,Tier 2,2,2022.09.15
155,6,Level 8,Annihilation Gem,Tier 3,26250,2022.09.15
155,7,Level 9,Crimson Flame Gem,Tier 3,75000,2022.09.15
155,8,Level 8,Crimson Flame Gem,Tier 3,27000,2022.09.15
155,9,Level 10,Level 10 Annihilation Gem,Tier 3,450000,2022.09.15
155,10,Level 9,Crimson Flame Gem,Tier 3,84000,2022.09.15
156,1,Level 9,Azure Gem,Tier 2,1000,2022.09.15
156,2,Level 8,Azure Gem,Tier 2,121,2022.09.15
156,3,Level 8,Farsea Gem,Tier 2,121,2022.09.15
156,4,Level 7,Farsea Gem,Tier 2,50,2022.09.15
156,5,Level 8,Crimson Flame Gem,Tier 3,26800,2022.09.15
156,6,Level 6,Azure Gem,Tier 2,20,2022.09.15
156,7,Level 8,Azure Gem,Tier 2,70000,2022.09.15
156,8,Level 9,Crimson Flame Gem,Tier 3,81000,2022.09.15
156,9,Level 8,Annihilation Gem,Tier 3,27999,2022.09.15
156,10,Level 8,Annihilation Gem,Tier 3,27000,2022.09.15
157,1,Level 9,Crimson Flame Gem,Tier 3,80999,2022.09.15
157,2,Level 8,Azure Gem,Tier 2,250,2022.09.15
157,3,Level 9,Crimson Flame Gem,Tier 3,81000,2022.09.14
157,4,Level 8,Annihilation Gem,Tier 3,27000,2022.09.14
157,5,Level 8,Annihilation Gem,Tier 3,27000,2022.09.14
157,6,Level 8,Annihilation Gem,Tier 3,27000,2022.09.14
157,7,Level 9,Farsea Gem,Tier 2,500,2022.09.14
157,8,Level 8,Farsea Gem,Tier 2,115,2022.09.14
157,9,Level 6,Farsea Gem,Tier 2,10,2022.09.14
157,10,Level 8,Crimson Flame Gem,Tier 3,26990,2022.09.14
158,1,Level 8,Crimson Flame Gem,Tier 3,25723,2022.09.14
158,2,Level 9,Crimson Flame Gem,Tier 3,80000,2022.09.14
158,3,Level 8,Azure Gem,Tier 2,110,2022.09.14
158,4,Level 9,Annihilation Gem,Tier 3,99000,2022.09.14
158,5,Level 8,Azure Gem,Tier 2,115,2022.09.14
158,6,Level 8,Azure Gem,Tier 2,110,2022.09.14
158,7,Level 8,Azure Gem,Tier 2,100000,2022.09.14
158,8,Level 8,Azure Gem,Tier 2,50095,2022.09.14
158,9,Level 8,Annihilation Gem,Tier 3,26000,2022.09.14
158,10,Level 8,Crimson Flame Gem,Tier 3,26000,2022.09.14
159,1,Level 10,Level 10 Crimson Flame Gem,Tier 3,115000,2022.09.14
159,2,Level 10,Level 10 Crimson Flame Gem,Tier 3,130000,2022.09.14
159,3,Level 10,Level 10 Crimson Flame Gem,Tier 3,110000,2022.09.14
159,4,Level 7,FarseaGem,Tier 2,18000,2022.09.14
159,5,Level 10,Level 10 Crimson Flame Gem,Tier 3,104000,2022.09.14
159,6,Level 9,Annihilation Gem,Tier 3,98000,2022.09.13
159,7,Level 10,Level 10 Crimson Flame Gem,Tier 3,108000,2022.09.13
159,8,Level 8,FarseaGem,Tier 2,500,2022.09.13
159,9,Level 8,Azure Gem,Tier 2,20,2022.09.13
159,10,Level 8,Farsea Gem,Tier 2,20,2022.09.13
160,1,Level 8,Crimson Flame Gem,Tier 3,26000,2022.09.13
160,2,Level 8,Annihilation Gem,Tier 3,26000,2022.09.13
160,3,Level 8,Crimson Flame Gem,Tier 3,26000,2022.09.13
160,4,Level 8,Annihilation Gem,Tier 3,26000,2022.09.13
160,5,Level 8,Azure Gem,Tier 2,399,2022.09.13
160,6,Level 8,Annihilation Gem,Tier 3,27000,2022.09.13
160,7,Level 8,Annihilation Gem,Tier 3,28000,2022.09.13
160,8,Level 8,Crimson Flame Gem,Tier 3,28000,2022.09.13
160,9,Level 9,Crimson Flame Gem,Tier 3,80000,2022.09.13
160,10,Level 9,Annihilation Gem,Tier 3,95000,2022.09.13
161,1,Level 8,Azure Gem,Tier 2,199,2022.09.12
161,2,Level 9,Annihilation Gem,Tier 3,95000,2022.09.12
161,3,Level 8,Annihilation Gem,Tier 3,27500,2022.09.12
161,4,Level 8,FarseaGem,Tier 2,230,2022.09.12
161,5,Level 8,Annihilation Gem,Tier 3,35777,2022.09.12
161,6,Level 8,Azure Gem,Tier 2,200,2022.09.12
161,7,Level 9,Crimson Flame Gem,Tier 3,75000,2022.09.12
161,8,Level 9,Crimson Flame Gem,Tier 3,75800,2022.09.12
161,9,Level 9,Crimson Flame Gem,Tier 3,75000,2022.09.12
161,10,Level 8,Azure Gem,Tier 2,600,2022.09.11
162,1,Level 8,Farsea Gem,Tier 2,400,2022.09.11
162,2,Level 8,Azure Gem,Tier 2,299,2022.09.11
162,3,Level 8,Azure Gem,Tier 2,299,2022.09.11
162,4,Level 8,Azure Gem,Tier 2,299,2022.09.11
162,5,Level 9,Crimson Flame Gem,Tier 3,75000,2022.09.11
162,6,Level 10,Level 10 Crimson Flame Gem,Tier 3,109999,2022.09.11
162,7,Level 10,Level 10 Crimson Flame Gem,Tier 3,110000,2022.09.11
162,8,Level 10,Level 10 Crimson Flame Gem,Tier 3,95000,2022.09.11
162,9,Level 9,Crimson Flame Gem,Tier 3,75500,2022.09.11
162,10,Level 9,Crimson Flame Gem,Tier 3,76000,2022.09.11
163,1,Level 9,Crimson Flame Gem,Tier 3,67500,2022.09.11
163,2,Level 8,Azure Gem,Tier 2,1600,2022.09.11
163,3,Level 10,Level 10 Annihilation Gem,Tier 3,441000,2022.09.11
163,4,Level 8,Crimson Flame Gem,Tier 3,26500,2022.09.11
163,5,Level 8,Azure Gem,Tier 2,120000,2022.09.11
163,6,Level 9,Annihilation Gem,Tier 3,100000,2022.09.11
163,7,Level 8,Azure Gem,Tier 2,100052,2022.09.11
163,8,Level 8,Azure Gem,Tier 2,100051,2022.09.11
163,9,Level 9,Annihilation Gem,Tier 3,99999,2022.09.11
163,10,Level 10,Level 10 Annihilation Gem,Tier 3,400000,2022.09.11
164,1,Level 9,Crimson Flame Gem,Tier 3,78000,2022.09.10
164,2,Level 9,Annihilation Gem,Tier 3,99999,2022.09.10
164,3,Level 8,Azure Gem,Tier 2,120,2022.09.10
164,4,Level 9,Annihilation Gem,Tier 3,105000,2022.09.10
164,5,Level 9,Annihilation Gem,Tier 3,99999,2022.09.10
164,6,Level 9,Crimson Flame Gem,Tier 3,76800,2022.09.10
164,7,Level 9,Annihilation Gem,Tier 3,100000,2022.09.10
164,8,Level 9,Annihilation Gem,Tier 3,100000,2022.09.10
164,9,Level 9,Crimson Flame Gem,Tier 3,75500,2022.09.09
164,10,Level 9,Annihilation Gem,Tier 3,100000,2022.09.09
165,1,Level 8,Azure Gem,Tier 2,280,2022.09.09
165,2,Level 8,Azure Gem,Tier 2,200001,2022.09.08
165,3,Level 9,Annihilation Gem,Tier 3,110000,2022.09.08
165,4,Level 8,Azure Gem,Tier 2,150,2022.09.08
165,5,Level 8,Farsea Gem,Tier 2,18700,2022.09.08
165,6,Level 10,Level 10 Farsea Gem,Tier 2,1500,2022.09.08
165,7,Level 8,FarseaGem,Tier 2,500,2022.09.08
165,8,Level 8,FarseaGem,Tier 2,120,2022.09.08
